[
  {
    "name_ru": "Жим штанги лёжа",
    "name_en": "Barbell Bench Press",
    "groups": [
      "Грудь",
      "Плечи",
      "Руки"
    ],
    "targets": [
      "Середина",
      "Передняя дельта",
      "Трицепс"
    ],
    "type": "Базовое",
    "equipment": [
      "Штанга",
      "Скамья"
    ],
    "gif": "https://raw.githubusercontent.com/kainshel/tnglogbot/refs/heads/main/gif_exercises/bench_press.gif"
  },
  {
    "name_ru": "Жим гантелей лёжа",
    "name_en": "Dumbbell Bench Press",
    "groups": [
      "Грудь",
      "Плечи",
      "Руки"
    ],
    "targets": [
      "Середина",
      "Передняя дельта",
      "Трицепс"
    ],
    "type": "Базовое",
    "equipment": [
      "Гантели",
      "Скамья"
    ],
    "gif": "https://github.com/kainshel/tnglogbot/blob/f4a372b5015a0b826bd9d3f6a3f7a5d28445ea09/gif_exercises/Dumbbell Bench Press.gif?raw=true"
  },
  {
    "name_ru": "Жим штанги на наклонной скамье",
    "name_en": "Incline Barbell Press",
    "groups": [
      "Грудь",
      "Плечи",
      "Руки"
    ],
    "targets": [
      "Верх",
      "Передняя дельта",
      "Трицепс"
    ],
    "type": "Базовое",
    "equipment": [
      "Штанга",
      "Скамья"
    ],
    "gif": "https://github.com/kainshel/tnglogbot/blob/main/gif_exercises/Incline_Bench_Press.gif"
  },
  {
    "name_ru": "Жим гантелей на наклонной",
    "name_en": "Incline Dumbbell Press",
    "groups": [
      "Грудь",
      "Плечи",
      "Руки"
    ],
    "targets": [
      "Верх",
      "Передняя дельта",
      "Трицепс"
    ],
    "type": "Базовое",
    "equipment": [
      "Гантели",
      "Скамья"
    ],
    "gif": "https://github.com/kainshel/tnglogbot/blob/f4a372b5015a0b826bd9d3f6a3f7a5d28445ea09/gif_exercises/Incline Dumbbell Press.gif?raw=true"
  },
  {
    "name_ru": "Жим штанги на отрицательной скамье",
    "name_en": "Decline Barbell Bench Press",
    "groups": [
      "Грудь",
      "Плечи",
      "Руки"
    ],
    "targets": [
      "Низ",
      "Передняя дельта",
      "Трицепс"
    ],
    "type": "Базовое",
    "equipment": [
      "Штанга",
      "Скамья"
    ],
    "gif": "https://github.com/kainshel/tnglogbot/blob/f4a372b5015a0b826bd9d3f6a3f7a5d28445ea09/gif_exercises/Decline Barbell Bench Press.gif?raw=true"
  },
  {
    "name_ru": "Жим гантелей на отрицательной скамье",
    "name_en": "Decline Dumbbell Press",
    "groups": [
      "Грудь",
      "Плечи",
      "Руки"
    ],
    "targets": [
      "Низ",
      "Передняя дельта",
      "Трицепс"
    ],
    "type": "Базовое",
    "equipment": [
      "Гантели",
      "Скамья"
    ],
    "gif": "https://github.com/kainshel/tnglogbot/blob/f4a372b5015a0b826bd9d3f6a3f7a5d28445ea09/gif_exercises/Decline Dumbbell Press.gif?raw=true"
  },
  {
    "name_ru": "Разведение гантелей лёжа",
    "name_en": "Dumbbell Fly",
    "groups": [
      "Грудь",
      "Плечи"
    ],
    "targets": [
      "Середина",
      "Передняя дельта"
    ],
    "type": "Изолирующее",
    "equipment": [
      "Гантели",
      "Скамья"
    ],
    "gif": "https://github.com/kainshel/tnglogbot/blob/f4a372b5015a0b826bd9d3f6a3f7a5d28445ea09/gif_exercises/Dumbbell Fly.gif?raw=true"
  },
  {
    "name_ru": "Разведение гантелей на наклонной",
    "name_en": "Incline Dumbbell Fly",
    "groups": [
      "Грудь",
      "Плечи"
    ],
    "targets": [
      "Верх",
      "Передняя дельта"
    ],
    "type": "Изолирующее",
    "equipment": [
      "Гантели",
      "Скамья"
    ],
    "gif": "https://github.com/kainshel/tnglogbot/blob/f4a372b5015a0b826bd9d3f6a3f7a5d28445ea09/gif_exercises/Incline Dumbbell Fly.gif?raw=true"
  },
  {
    "name_ru": "Разведение гантелей на отрицательной",
    "name_en": "Decline Dumbbell Fly",
    "groups": [
      "Грудь",
      "Плечи"
    ],
    "targets": [
      "Низ",
      "Передняя дельта"
    ],
    "type": "Изолирующее",
    "equipment": [
      "Гантели",
      "Скамья"
    ],
    "gif": "https://github.com/kainshel/tnglogbot/blob/f4a372b5015a0b826bd9d3f6a3f7a5d28445ea09/gif_exercises/Decline Dumbbell Fly.gif?raw=true"
  },
  {
    "name_ru": "Сведение на кроссовере",
    "name_en": "Cable Fly",
    "groups": [
      "Грудь",
      "Плечи"
    ],
    "targets": [
      "Середина",
      "Передняя дельта"
    ],
    "type": "Изолирующее",
    "equipment": [
      "Кроссовер"
    ],
    "gif": "https://github.com/kainshel/tnglogbot/blob/f4a372b5015a0b826bd9d3f6a3f7a5d28445ea09/gif_exercises/Cable Fly.gif?raw=true"
  },
  {
    "name_ru": "Сведение на кроссовере вверх",
    "name_en": "High Cable Fly",
    "groups": [
      "Грудь",
      "Плечи"
    ],
    "targets": [
      "Верх",
      "Передняя дельта"
    ],
    "type": "Изолирующее",
    "equipment": [
      "Кроссовер"
    ],
    "gif": "https://github.com/kainshel/tnglogbot/blob/f4a372b5015a0b826bd9d3f6a3f7a5d28445ea09/gif_exercises/High Cable Fly.gif?raw=true"
  },
  {
    "name_ru": "Сведение на кроссовере вниз",
    "name_en": "Low Cable Fly",
    "groups": [
      "Грудь",
      "Плечи"
    ],
    "targets": [
      "Низ",
      "Передняя дельта"
    ],
    "type": "Изолирующее",
    "equipment": [
      "Кроссовер"
    ],
    "gif": "https://github.com/kainshel/tnglogbot/blob/f4a372b5015a0b826bd9d3f6a3f7a5d28445ea09/gif_exercises/Low Cable Fly.gif?raw=true"
  },
  {
    "name_ru": "Отжимания от пола",
    "name_en": "Push-Ups",
    "groups": [
      "Грудь",
      "Плечи",
      "Руки"
    ],
    "targets": [
      "Середина",
      "Передняя дельта",
      "Трицепс"
    ],
    "type": "Базовое",
    "equipment": [
      "Собственный вес"
    ],
    "gif": "https://github.com/kainshel/tnglogbot/blob/f4a372b5015a0b826bd9d3f6a3f7a5d28445ea09/gif_exercises/Push-Ups.gif?raw=true"
  },
  {
    "name_ru": "Отжимания узким хватом",
    "name_en": "Close-Grip Push-Ups",
    "groups": [
      "Грудь",
      "Плечи",
      "Руки"
    ],
    "targets": [
      "Середина",
      "Трицепс",
      "Передняя дельта"
    ],
    "type": "Базовое",
    "equipment": [
      "Собственный вес"
    ],
    "gif": "https://github.com/kainshel/tnglogbot/blob/f4a372b5015a0b826bd9d3f6a3f7a5d28445ea09/gif_exercises/Close-Grip Push-Ups.gif?raw=true"
  },
  {
    "name_ru": "Отжимания с широким хватом",
    "name_en": "Wide-Grip Push-Ups",
    "groups": [
      "Грудь",
      "Плечи"
    ],
    "targets": [
      "Середина",
      "Передняя дельта"
    ],
    "type": "Базовое",
    "equipment": [
      "Собственный вес"
    ],
    "gif": "https://github.com/kainshel/tnglogbot/blob/f4a372b5015a0b826bd9d3f6a3f7a5d28445ea09/gif_exercises/Wide-Grip Push-Ups.gif?raw=true"
  },
  {
    "name_ru": "Отжимания на брусьях",
    "name_en": "Dips",
    "groups": [
      "Грудь",
      "Плечи",
      "Руки"
    ],
    "targets": [
      "Низ",
      "Передняя дельта",
      "Трицепс"
    ],
    "type": "Базовое",
    "equipment": [
      "Брусья"
    ],
    "gif": "https://github.com/kainshel/tnglogbot/blob/f4a372b5015a0b826bd9d3f6a3f7a5d28445ea09/gif_exercises/Dips.gif?raw=true"
  },
  {
    "name_ru": "Отжимания на кольцах",
    "name_en": "Ring Dips",
    "groups": [
      "Грудь",
      "Плечи",
      "Руки"
    ],
    "targets": [
      "Низ",
      "Передняя дельта",
      "Трицепс"
    ],
    "type": "Базовое",
    "equipment": [
      "Гимнастические кольца"
    ],
    "gif": "https://github.com/kainshel/tnglogbot/blob/f4a372b5015a0b826bd9d3f6a3f7a5d28445ea09/gif_exercises/Ring Dips.gif?raw=true"
  },
  {
    "name_ru": "Отжимания с хлопком",
    "name_en": "Clap Push-Ups",
    "groups": [
      "Грудь",
      "Плечи",
      "Руки"
    ],
    "targets": [
      "Середина",
      "Передняя дельта",
      "Трицепс"
    ],
    "type": "Взрывное",
    "equipment": [
      "Собственный вес"
    ],
    "gif": "https://github.com/kainshel/tnglogbot/blob/f4a372b5015a0b826bd9d3f6a3f7a5d28445ea09/gif_exercises/Clap Push-Ups.gif?raw=true"
  },
  {
    "name_ru": "Жим в тренажёре",
    "name_en": "Chest Press Machine",
    "groups": [
      "Грудь",
      "Плечи",
      "Руки"
    ],
    "targets": [
      "Середина",
      "Передняя дельта",
      "Трицепс"
    ],
    "type": "Базовое",
    "equipment": [
      "Тренажёр"
    ],
    "gif": "https://github.com/kainshel/tnglogbot/blob/f4a372b5015a0b826bd9d3f6a3f7a5d28445ea09/gif_exercises/Chest Press Machine.gif?raw=true"
  },
  {
    "name_ru": "Жим в тренажёре под углом",
    "name_en": "Incline Chest Press Machine",
    "groups": [
      "Грудь",
      "Плечи",
      "Руки"
    ],
    "targets": [
      "Верх",
      "Передняя дельта",
      "Трицепс"
    ],
    "type": "Базовое",
    "equipment": [
      "Тренажёр"
    ],
    "gif": "https://github.com/kainshel/tnglogbot/blob/f4a372b5015a0b826bd9d3f6a3f7a5d28445ea09/gif_exercises/Incline Chest Press Machine.gif?raw=true"
  },
  {
    "name_ru": "nan",
    "name_en": "nan",
    "groups": [
      "nan"
    ],
    "targets": [
      "nan"
    ],
    "type": "nan",
    "equipment": [
      "nan"
    ],
    "gif": "https://github.com/kainshel/tnglogbot/blob/f4a372b5015a0b826bd9d3f6a3f7a5d28445ea09/gif_exercises/nan.gif?raw=true"
  },
  {
    "name_ru": "Название (RU)",
    "name_en": "Название (EN)",
    "groups": [
      "Основная группа"
    ],
    "targets": [
      "Подгруппа"
    ],
    "type": "Тип",
    "equipment": [
      "Оборудование"
    ],
    "gif": "https://github.com/kainshel/tnglogbot/blob/f4a372b5015a0b826bd9d3f6a3f7a5d28445ea09/gif_exercises/Название (EN).gif?raw=true"
  },
  {
    "name_ru": "Подтягивания широким хватом",
    "name_en": "Wide-Grip Pull-Ups",
    "groups": [
      "Спина",
      "Руки"
    ],
    "targets": [
      "Широчайшие",
      "Бицепс",
      "Предплечья"
    ],
    "type": "Базовое",
    "equipment": [
      "Турник"
    ],
    "gif": "https://github.com/kainshel/tnglogbot/blob/f4a372b5015a0b826bd9d3f6a3f7a5d28445ea09/gif_exercises/Wide-Grip Pull-Ups.gif?raw=true"
  },
  {
    "name_ru": "Подтягивания обратным хватом",
    "name_en": "Chin-Ups",
    "groups": [
      "Спина",
      "Руки"
    ],
    "targets": [
      "Широчайшие",
      "Бицепс",
      "Предплечья"
    ],
    "type": "Базовое",
    "equipment": [
      "Турник"
    ],
    "gif": "https://github.com/kainshel/tnglogbot/blob/f4a372b5015a0b826bd9d3f6a3f7a5d28445ea09/gif_exercises/Chin-Ups.gif?raw=true"
  },
  {
    "name_ru": "Подтягивания нейтральным хватом",
    "name_en": "Neutral-Grip Pull-Ups",
    "groups": [
      "Спина",
      "Руки"
    ],
    "targets": [
      "Широчайшие",
      "Бицепс",
      "Предплечья"
    ],
    "type": "Базовое",
    "equipment": [
      "Турник"
    ],
    "gif": "https://github.com/kainshel/tnglogbot/blob/f4a372b5015a0b826bd9d3f6a3f7a5d28445ea09/gif_exercises/Neutral-Grip Pull-Ups.gif?raw=true"
  },
  {
    "name_ru": "Подтягивания с дополнительным весом",
    "name_en": "Weighted Pull-Ups",
    "groups": [
      "Спина",
      "Руки"
    ],
    "targets": [
      "Широчайшие",
      "Бицепс",
      "Предплечья"
    ],
    "type": "Базовое",
    "equipment": [
      "Турник",
      "Пояс с отягощением"
    ],
    "gif": "https://github.com/kainshel/tnglogbot/blob/f4a372b5015a0b826bd9d3f6a3f7a5d28445ea09/gif_exercises/Weighted Pull-Ups.gif?raw=true"
  },
  {
    "name_ru": "Тяга верхнего блока",
    "name_en": "Lat Pulldown",
    "groups": [
      "Спина",
      "Руки"
    ],
    "targets": [
      "Широчайшие",
      "Бицепс",
      "Предплечья"
    ],
    "type": "Базовое",
    "equipment": [
      "Тренажёр"
    ],
    "gif": "https://github.com/kainshel/tnglogbot/blob/f4a372b5015a0b826bd9d3f6a3f7a5d28445ea09/gif_exercises/Lat Pulldown.gif?raw=true"
  },
  {
    "name_ru": "Тяга верхнего блока обратным хватом",
    "name_en": "Reverse-Grip Lat Pulldown",
    "groups": [
      "Спина",
      "Руки"
    ],
    "targets": [
      "Широчайшие",
      "Бицепс",
      "Предплечья"
    ],
    "type": "Базовое",
    "equipment": [
      "Тренажёр"
    ],
    "gif": "https://github.com/kainshel/tnglogbot/blob/f4a372b5015a0b826bd9d3f6a3f7a5d28445ea09/gif_exercises/Reverse-Grip Lat Pulldown.gif?raw=true"
  },
  {
    "name_ru": "Тяга верхнего блока узким хватом",
    "name_en": "Close-Grip Lat Pulldown",
    "groups": [
      "Спина",
      "Руки"
    ],
    "targets": [
      "Широчайшие",
      "Бицепс",
      "Предплечья"
    ],
    "type": "Базовое",
    "equipment": [
      "Тренажёр"
    ],
    "gif": "https://github.com/kainshel/tnglogbot/blob/f4a372b5015a0b826bd9d3f6a3f7a5d28445ea09/gif_exercises/Close-Grip Lat Pulldown.gif?raw=true"
  },
  {
    "name_ru": "Тяга штанги в наклоне",
    "name_en": "Bent-Over Barbell Row",
    "groups": [
      "Спина",
      "Руки"
    ],
    "targets": [
      "Широчайшие",
      "Трапеции",
      "Бицепс"
    ],
    "type": "Базовое",
    "equipment": [
      "Штанга"
    ],
    "gif": "https://github.com/kainshel/tnglogbot/blob/f4a372b5015a0b826bd9d3f6a3f7a5d28445ea09/gif_exercises/Bent-Over Barbell Row.gif?raw=true"
  },
  {
    "name_ru": "Тяга гантели в наклоне",
    "name_en": "One-Arm Dumbbell Row",
    "groups": [
      "Спина",
      "Руки"
    ],
    "targets": [
      "Широчайшие",
      "Трапеции",
      "Бицепс"
    ],
    "type": "Базовое",
    "equipment": [
      "Гантель",
      "Скамья"
    ],
    "gif": "https://github.com/kainshel/tnglogbot/blob/f4a372b5015a0b826bd9d3f6a3f7a5d28445ea09/gif_exercises/One-Arm Dumbbell Row.gif?raw=true"
  },
  {
    "name_ru": "Тяга Т-грифа",
    "name_en": "T-Bar Row",
    "groups": [
      "Спина",
      "Руки"
    ],
    "targets": [
      "Широчайшие",
      "Трапеции",
      "Бицепс"
    ],
    "type": "Базовое",
    "equipment": [
      "Т-гриф"
    ],
    "gif": "https://github.com/kainshel/tnglogbot/blob/f4a372b5015a0b826bd9d3f6a3f7a5d28445ea09/gif_exercises/T-Bar Row.gif?raw=true"
  },
  {
    "name_ru": "Тяга горизонтального блока",
    "name_en": "Seated Cable Row",
    "groups": [
      "Спина",
      "Руки"
    ],
    "targets": [
      "Широчайшие",
      "Трапеции",
      "Бицепс"
    ],
    "type": "Базовое",
    "equipment": [
      "Тренажёр"
    ],
    "gif": "https://github.com/kainshel/tnglogbot/blob/f4a372b5015a0b826bd9d3f6a3f7a5d28445ea09/gif_exercises/Seated Cable Row.gif?raw=true"
  },
  {
    "name_ru": "Тяга к поясу в наклоне с гирей",
    "name_en": "Kettlebell Row",
    "groups": [
      "Спина",
      "Руки"
    ],
    "targets": [
      "Широчайшие",
      "Трапеции",
      "Бицепс"
    ],
    "type": "Базовое",
    "equipment": [
      "Гиря"
    ],
    "gif": "https://github.com/kainshel/tnglogbot/blob/f4a372b5015a0b826bd9d3f6a3f7a5d28445ea09/gif_exercises/Kettlebell Row.gif?raw=true"
  },
  {
    "name_ru": "Тяга штанги к подбородку",
    "name_en": "Upright Barbell Row",
    "groups": [
      "Плечи",
      "Спина",
      "Руки"
    ],
    "targets": [
      "Трапеции",
      "Дельты",
      "Бицепс"
    ],
    "type": "Базовое",
    "equipment": [
      "Штанга"
    ],
    "gif": "https://github.com/kainshel/tnglogbot/blob/f4a372b5015a0b826bd9d3f6a3f7a5d28445ea09/gif_exercises/Upright Barbell Row.gif?raw=true"
  },
  {
    "name_ru": "Тяга гантелей к подбородку",
    "name_en": "Upright Dumbbell Row",
    "groups": [
      "Плечи",
      "Спина",
      "Руки"
    ],
    "targets": [
      "Трапеции",
      "Дельты",
      "Бицепс"
    ],
    "type": "Базовое",
    "equipment": [
      "Гантели"
    ],
    "gif": "https://github.com/kainshel/tnglogbot/blob/f4a372b5015a0b826bd9d3f6a3f7a5d28445ea09/gif_exercises/Upright Dumbbell Row.gif?raw=true"
  },
  {
    "name_ru": "Пулловер с гантелей",
    "name_en": "Dumbbell Pullover",
    "groups": [
      "Грудь",
      "Спина"
    ],
    "targets": [
      "Широчайшие",
      "Грудные"
    ],
    "type": "Изолирующее",
    "equipment": [
      "Гантель",
      "Скамья"
    ],
    "gif": "https://github.com/kainshel/tnglogbot/blob/f4a372b5015a0b826bd9d3f6a3f7a5d28445ea09/gif_exercises/Dumbbell Pullover.gif?raw=true"
  },
  {
    "name_ru": "Пулловер в тренажёре",
    "name_en": "Pullover Machine",
    "groups": [
      "Грудь",
      "Спина"
    ],
    "targets": [
      "Широчайшие",
      "Грудные"
    ],
    "type": "Изолирующее",
    "equipment": [
      "Тренажёр"
    ],
    "gif": "https://github.com/kainshel/tnglogbot/blob/f4a372b5015a0b826bd9d3f6a3f7a5d28445ea09/gif_exercises/Pullover Machine.gif?raw=true"
  },
  {
    "name_ru": "Тяга нижнего блока к лицу",
    "name_en": "Face Pull",
    "groups": [
      "Спина",
      "Плечи"
    ],
    "targets": [
      "Задняя дельта",
      "Трапеции"
    ],
    "type": "Изолирующее",
    "equipment": [
      "Тросовый тренажёр"
    ],
    "gif": "https://github.com/kainshel/tnglogbot/blob/f4a372b5015a0b826bd9d3f6a3f7a5d28445ea09/gif_exercises/Face Pull.gif?raw=true"
  },
  {
    "name_ru": "Тяга каната к груди",
    "name_en": "Close-Grip Cable Row",
    "groups": [
      "Спина",
      "Руки"
    ],
    "targets": [
      "Широчайшие",
      "Бицепс",
      "Предплечья"
    ],
    "type": "Базовое",
    "equipment": [
      "Кроссовер"
    ],
    "gif": "https://github.com/kainshel/tnglogbot/blob/f4a372b5015a0b826bd9d3f6a3f7a5d28445ea09/gif_exercises/Close-Grip Cable Row.gif?raw=true"
  },
  {
    "name_ru": "Становая тяга",
    "name_en": "Deadlift",
    "groups": [
      "Спина",
      "Ноги",
      "Руки"
    ],
    "targets": [
      "Разгибатели спины",
      "Бедра",
      "Предплечья"
    ],
    "type": "Базовое",
    "equipment": [
      "Штанга"
    ],
    "gif": "https://github.com/kainshel/tnglogbot/blob/f4a372b5015a0b826bd9d3f6a3f7a5d28445ea09/gif_exercises/Deadlift.gif?raw=true"
  },
  {
    "name_ru": "Становая тяга с гантелями",
    "name_en": "Dumbbell Deadlift",
    "groups": [
      "Спина",
      "Ноги",
      "Руки"
    ],
    "targets": [
      "Разгибатели спины",
      "Бедра",
      "Предплечья"
    ],
    "type": "Базовое",
    "equipment": [
      "Гантели"
    ],
    "gif": "https://github.com/kainshel/tnglogbot/blob/f4a372b5015a0b826bd9d3f6a3f7a5d28445ea09/gif_exercises/Dumbbell Deadlift.gif?raw=true"
  },
  {
    "name_ru": "Становая тяга сумо",
    "name_en": "Sumo Deadlift",
    "groups": [
      "Спина",
      "Ноги",
      "Руки"
    ],
    "targets": [
      "Разгибатели спины",
      "Бедра",
      "Предплечья"
    ],
    "type": "Базовое",
    "equipment": [
      "Штанга"
    ],
    "gif": "https://github.com/kainshel/tnglogbot/blob/f4a372b5015a0b826bd9d3f6a3f7a5d28445ea09/gif_exercises/Sumo Deadlift.gif?raw=true"
  },
  {
    "name_ru": "Становая тяга на прямых ногах",
    "name_en": "Stiff-Leg Deadlift",
    "groups": [
      "Спина",
      "Ноги"
    ],
    "targets": [
      "Разгибатели спины",
      "Бедра"
    ],
    "type": "Базовое",
    "equipment": [
      "Штанга"
    ],
    "gif": "https://github.com/kainshel/tnglogbot/blob/f4a372b5015a0b826bd9d3f6a3f7a5d28445ea09/gif_exercises/Stiff-Leg Deadlift.gif?raw=true"
  },
  {
    "name_ru": "Становая тяга с гирями",
    "name_en": "Kettlebell Deadlift",
    "groups": [
      "Спина",
      "Ноги"
    ],
    "targets": [
      "Разгибатели спины",
      "Бедра"
    ],
    "type": "Базовое",
    "equipment": [
      "Гиря"
    ],
    "gif": "https://github.com/kainshel/tnglogbot/blob/f4a372b5015a0b826bd9d3f6a3f7a5d28445ea09/gif_exercises/Kettlebell Deadlift.gif?raw=true"
  },
  {
    "name_ru": "Гиперэкстензия",
    "name_en": "Back Extension",
    "groups": [
      "Спина"
    ],
    "targets": [
      "Разгибатели спины"
    ],
    "type": "Изолирующее",
    "equipment": [
      "Гиперэкстензия"
    ],
    "gif": "https://github.com/kainshel/tnglogbot/blob/f4a372b5015a0b826bd9d3f6a3f7a5d28445ea09/gif_exercises/Back Extension.gif?raw=true"
  },
  {
    "name_ru": "Гиперэкстензия с весом",
    "name_en": "Weighted Back Extension",
    "groups": [
      "Спина"
    ],
    "targets": [
      "Разгибатели спины"
    ],
    "type": "Изолирующее",
    "equipment": [
      "Гиперэкстензия",
      "Блин"
    ],
    "gif": "https://github.com/kainshel/tnglogbot/blob/f4a372b5015a0b826bd9d3f6a3f7a5d28445ea09/gif_exercises/Weighted Back Extension.gif?raw=true"
  },
  {
    "name_ru": "nan",
    "name_en": "nan",
    "groups": [
      "nan"
    ],
    "targets": [
      "nan"
    ],
    "type": "nan",
    "equipment": [
      "nan"
    ],
    "gif": "https://github.com/kainshel/tnglogbot/blob/f4a372b5015a0b826bd9d3f6a3f7a5d28445ea09/gif_exercises/nan.gif?raw=true"
  },
  {
    "name_ru": "Название (RU)",
    "name_en": "Название (EN)",
    "groups": [
      "Основная группа"
    ],
    "targets": [
      "Подгруппа"
    ],
    "type": "Тип",
    "equipment": [
      "Оборудование"
    ],
    "gif": "https://github.com/kainshel/tnglogbot/blob/f4a372b5015a0b826bd9d3f6a3f7a5d28445ea09/gif_exercises/Название (EN).gif?raw=true"
  },
  {
    "name_ru": "Жим штанги стоя",
    "name_en": "Overhead Barbell Press",
    "groups": [
      "Плечи",
      "Руки"
    ],
    "targets": [
      "Передняя дельта",
      "Средняя дельта",
      "Трицепс"
    ],
    "type": "Базовое",
    "equipment": [
      "Штанга"
    ],
    "gif": "https://github.com/kainshel/tnglogbot/blob/f4a372b5015a0b826bd9d3f6a3f7a5d28445ea09/gif_exercises/Overhead Barbell Press.gif?raw=true"
  },
  {
    "name_ru": "Жим гантелей сидя",
    "name_en": "Seated Dumbbell Press",
    "groups": [
      "Плечи",
      "Руки"
    ],
    "targets": [
      "Передняя дельта",
      "Средняя дельта",
      "Трицепс"
    ],
    "type": "Базовое",
    "equipment": [
      "Гантели",
      "Скамья"
    ],
    "gif": "https://github.com/kainshel/tnglogbot/blob/f4a372b5015a0b826bd9d3f6a3f7a5d28445ea09/gif_exercises/Seated Dumbbell Press.gif?raw=true"
  },
  {
    "name_ru": "Жим гантелей стоя",
    "name_en": "Standing Dumbbell Press",
    "groups": [
      "Плечи",
      "Руки"
    ],
    "targets": [
      "Передняя дельта",
      "Средняя дельта",
      "Трицепс"
    ],
    "type": "Базовое",
    "equipment": [
      "Гантели"
    ],
    "gif": "https://github.com/kainshel/tnglogbot/blob/f4a372b5015a0b826bd9d3f6a3f7a5d28445ea09/gif_exercises/Standing Dumbbell Press.gif?raw=true"
  },
  {
    "name_ru": "Жим Арнольда",
    "name_en": "Arnold Press",
    "groups": [
      "Плечи",
      "Руки"
    ],
    "targets": [
      "Передняя дельта",
      "Средняя дельта",
      "Трицепс"
    ],
    "type": "Базовое",
    "equipment": [
      "Гантели"
    ],
    "gif": "https://github.com/kainshel/tnglogbot/blob/f4a372b5015a0b826bd9d3f6a3f7a5d28445ea09/gif_exercises/Arnold Press.gif?raw=true"
  },
  {
    "name_ru": "Жим штанги из-за головы",
    "name_en": "Behind-the-Neck Press",
    "groups": [
      "Плечи",
      "Руки"
    ],
    "targets": [
      "Средняя дельта",
      "Передняя дельта",
      "Трицепс"
    ],
    "type": "Базовое",
    "equipment": [
      "Штанга"
    ],
    "gif": "https://github.com/kainshel/tnglogbot/blob/f4a372b5015a0b826bd9d3f6a3f7a5d28445ea09/gif_exercises/Behind-the-Neck Press.gif?raw=true"
  },
  {
    "name_ru": "Жим в тренажёре для плеч",
    "name_en": "Shoulder Press Machine",
    "groups": [
      "Плечи",
      "Руки"
    ],
    "targets": [
      "Передняя дельта",
      "Средняя дельта",
      "Трицепс"
    ],
    "type": "Базовое",
    "equipment": [
      "Тренажёр"
    ],
    "gif": "https://github.com/kainshel/tnglogbot/blob/f4a372b5015a0b826bd9d3f6a3f7a5d28445ea09/gif_exercises/Shoulder Press Machine.gif?raw=true"
  },
  {
    "name_ru": "Подъём гантелей через стороны",
    "name_en": "Lateral Raise",
    "groups": [
      "Плечи"
    ],
    "targets": [
      "Средняя дельта"
    ],
    "type": "Изолирующее",
    "equipment": [
      "Гантели"
    ],
    "gif": "https://github.com/kainshel/tnglogbot/blob/f4a372b5015a0b826bd9d3f6a3f7a5d28445ea09/gif_exercises/Lateral Raise.gif?raw=true"
  },
  {
    "name_ru": "Подъём гантелей перед собой",
    "name_en": "Front Raise",
    "groups": [
      "Плечи"
    ],
    "targets": [
      "Передняя дельта"
    ],
    "type": "Изолирующее",
    "equipment": [
      "Гантели"
    ],
    "gif": "https://github.com/kainshel/tnglogbot/blob/f4a372b5015a0b826bd9d3f6a3f7a5d28445ea09/gif_exercises/Front Raise.gif?raw=true"
  },
  {
    "name_ru": "Подъём гантелей в наклоне",
    "name_en": "Bent-Over Lateral Raise",
    "groups": [
      "Плечи"
    ],
    "targets": [
      "Задняя дельта"
    ],
    "type": "Изолирующее",
    "equipment": [
      "Гантели"
    ],
    "gif": "https://github.com/kainshel/tnglogbot/blob/f4a372b5015a0b826bd9d3f6a3f7a5d28445ea09/gif_exercises/Bent-Over Lateral Raise.gif?raw=true"
  },
  {
    "name_ru": "Подъём гантелей в стороны в тренажёре",
    "name_en": "Lateral Raise Machine",
    "groups": [
      "Плечи"
    ],
    "targets": [
      "Средняя дельта"
    ],
    "type": "Изолирующее",
    "equipment": [
      "Тренажёр"
    ],
    "gif": "https://github.com/kainshel/tnglogbot/blob/f4a372b5015a0b826bd9d3f6a3f7a5d28445ea09/gif_exercises/Lateral Raise Machine.gif?raw=true"
  },
  {
    "name_ru": "Подъём гантелей перед собой в тренажёре",
    "name_en": "Front Raise Machine",
    "groups": [
      "Плечи"
    ],
    "targets": [
      "Передняя дельта"
    ],
    "type": "Изолирующее",
    "equipment": [
      "Тренажёр"
    ],
    "gif": "https://github.com/kainshel/tnglogbot/blob/f4a372b5015a0b826bd9d3f6a3f7a5d28445ea09/gif_exercises/Front Raise Machine.gif?raw=true"
  },
  {
    "name_ru": "Подъём гантелей в наклоне в тренажёре",
    "name_en": "Reverse Pec Deck",
    "groups": [
      "Плечи"
    ],
    "targets": [
      "Задняя дельта"
    ],
    "type": "Изолирующее",
    "equipment": [
      "Тренажёр"
    ],
    "gif": "https://github.com/kainshel/tnglogbot/blob/f4a372b5015a0b826bd9d3f6a3f7a5d28445ea09/gif_exercises/Reverse Pec Deck.gif?raw=true"
  },
  {
    "name_ru": "Жим штанги на наклонной скамье под углом 80°",
    "name_en": "High Incline Barbell Press",
    "groups": [
      "Плечи",
      "Грудь",
      "Руки"
    ],
    "targets": [
      "Передняя дельта",
      "Верх груди",
      "Трицепс"
    ],
    "type": "Базовое",
    "equipment": [
      "Штанга",
      "Скамья"
    ],
    "gif": "https://github.com/kainshel/tnglogbot/blob/f4a372b5015a0b826bd9d3f6a3f7a5d28445ea09/gif_exercises/High Incline Barbell Press.gif?raw=true"
  },
  {
    "name_ru": "Жим гантелей на наклонной скамье под углом 80°",
    "name_en": "High Incline Dumbbell Press",
    "groups": [
      "Плечи",
      "Грудь",
      "Руки"
    ],
    "targets": [
      "Передняя дельта",
      "Верх груди",
      "Трицепс"
    ],
    "type": "Базовое",
    "equipment": [
      "Гантели",
      "Скамья"
    ],
    "gif": "https://github.com/kainshel/tnglogbot/blob/f4a372b5015a0b826bd9d3f6a3f7a5d28445ea09/gif_exercises/High Incline Dumbbell Press.gif?raw=true"
  },
  {
    "name_ru": "Тяга штанги к подбородку",
    "name_en": "Upright Barbell Row",
    "groups": [
      "Плечи",
      "Спина",
      "Руки"
    ],
    "targets": [
      "Трапеции",
      "Дельты",
      "Бицепс"
    ],
    "type": "Базовое",
    "equipment": [
      "Штанга"
    ],
    "gif": "https://github.com/kainshel/tnglogbot/blob/f4a372b5015a0b826bd9d3f6a3f7a5d28445ea09/gif_exercises/Upright Barbell Row.gif?raw=true"
  },
  {
    "name_ru": "Тяга гантелей к подбородку",
    "name_en": "Upright Dumbbell Row",
    "groups": [
      "Плечи",
      "Спина",
      "Руки"
    ],
    "targets": [
      "Трапеции",
      "Дельты",
      "Бицепс"
    ],
    "type": "Базовое",
    "equipment": [
      "Гантели"
    ],
    "gif": "https://github.com/kainshel/tnglogbot/blob/f4a372b5015a0b826bd9d3f6a3f7a5d28445ea09/gif_exercises/Upright Dumbbell Row.gif?raw=true"
  },
  {
    "name_ru": "Подъём гирь через стороны",
    "name_en": "Kettlebell Lateral Raise",
    "groups": [
      "Плечи"
    ],
    "targets": [
      "Средняя дельта"
    ],
    "type": "Изолирующее",
    "equipment": [
      "Гиря"
    ],
    "gif": "https://github.com/kainshel/tnglogbot/blob/f4a372b5015a0b826bd9d3f6a3f7a5d28445ea09/gif_exercises/Kettlebell Lateral Raise.gif?raw=true"
  },
  {
    "name_ru": "Подъём гирь перед собой",
    "name_en": "Kettlebell Front Raise",
    "groups": [
      "Плечи"
    ],
    "targets": [
      "Передняя дельта"
    ],
    "type": "Изолирующее",
    "equipment": [
      "Гиря"
    ],
    "gif": "https://github.com/kainshel/tnglogbot/blob/f4a372b5015a0b826bd9d3f6a3f7a5d28445ea09/gif_exercises/Kettlebell Front Raise.gif?raw=true"
  },
  {
    "name_ru": "Жим гирь стоя",
    "name_en": "Kettlebell Press",
    "groups": [
      "Плечи",
      "Руки"
    ],
    "targets": [
      "Передняя дельта",
      "Средняя дельта",
      "Трицепс"
    ],
    "type": "Базовое",
    "equipment": [
      "Гиря"
    ],
    "gif": "https://github.com/kainshel/tnglogbot/blob/f4a372b5015a0b826bd9d3f6a3f7a5d28445ea09/gif_exercises/Kettlebell Press.gif?raw=true"
  },
  {
    "name_ru": "Жим гирь сидя",
    "name_en": "Seated Kettlebell Press",
    "groups": [
      "Плечи",
      "Руки"
    ],
    "targets": [
      "Передняя дельта",
      "Средняя дельта",
      "Трицепс"
    ],
    "type": "Базовое",
    "equipment": [
      "Гиря",
      "Скамья"
    ],
    "gif": "https://github.com/kainshel/tnglogbot/blob/f4a372b5015a0b826bd9d3f6a3f7a5d28445ea09/gif_exercises/Seated Kettlebell Press.gif?raw=true"
  },
  {
    "name_ru": "Подъём штанги на грудь и толчок",
    "name_en": "Push Press",
    "groups": [
      "Плечи",
      "Руки",
      "Ноги"
    ],
    "targets": [
      "Передняя дельта",
      "Средняя дельта",
      "Трицепс"
    ],
    "type": "Базовое",
    "equipment": [
      "Штанга"
    ],
    "gif": "https://github.com/kainshel/tnglogbot/blob/f4a372b5015a0b826bd9d3f6a3f7a5d28445ea09/gif_exercises/Push Press.gif?raw=true"
  },
  {
    "name_ru": "nan",
    "name_en": "nan",
    "groups": [
      "nan"
    ],
    "targets": [
      "nan"
    ],
    "type": "nan",
    "equipment": [
      "nan"
    ],
    "gif": "https://github.com/kainshel/tnglogbot/blob/f4a372b5015a0b826bd9d3f6a3f7a5d28445ea09/gif_exercises/nan.gif?raw=true"
  },
  {
    "name_ru": "Название (RU)",
    "name_en": "Название (EN)",
    "groups": [
      "Основная группа"
    ],
    "targets": [
      "Подгруппа"
    ],
    "type": "Тип",
    "equipment": [
      "Оборудование"
    ],
    "gif": "https://github.com/kainshel/tnglogbot/blob/f4a372b5015a0b826bd9d3f6a3f7a5d28445ea09/gif_exercises/Название (EN).gif?raw=true"
  },
  {
    "name_ru": "Подъём штанги на бицепс",
    "name_en": "Barbell Curl",
    "groups": [
      "Руки"
    ],
    "targets": [
      "Бицепс"
    ],
    "type": "Изолирующее",
    "equipment": [
      "Штанга"
    ],
    "gif": "https://github.com/kainshel/tnglogbot/blob/f4a372b5015a0b826bd9d3f6a3f7a5d28445ea09/gif_exercises/Barbell Curl.gif?raw=true"
  },
  {
    "name_ru": "Подъём гантелей на бицепс",
    "name_en": "Dumbbell Curl",
    "groups": [
      "Руки"
    ],
    "targets": [
      "Бицепс"
    ],
    "type": "Изолирующее",
    "equipment": [
      "Гантели"
    ],
    "gif": "https://github.com/kainshel/tnglogbot/blob/f4a372b5015a0b826bd9d3f6a3f7a5d28445ea09/gif_exercises/Dumbbell Curl.gif?raw=true"
  },
  {
    "name_ru": "Подъём гантелей на бицепс поочерёдно",
    "name_en": "Alternating Dumbbell Curl",
    "groups": [
      "Руки"
    ],
    "targets": [
      "Бицепс"
    ],
    "type": "Изолирующее",
    "equipment": [
      "Гантели"
    ],
    "gif": "https://github.com/kainshel/tnglogbot/blob/f4a372b5015a0b826bd9d3f6a3f7a5d28445ea09/gif_exercises/Alternating Dumbbell Curl.gif?raw=true"
  },
  {
    "name_ru": "Подъём гантелей молотковым хватом",
    "name_en": "Hammer Curl",
    "groups": [
      "Руки"
    ],
    "targets": [
      "Бицепс",
      "Брахиалис",
      "Предплечья"
    ],
    "type": "Изолирующее",
    "equipment": [
      "Гантели"
    ],
    "gif": "https://github.com/kainshel/tnglogbot/blob/f4a372b5015a0b826bd9d3f6a3f7a5d28445ea09/gif_exercises/Hammer Curl.gif?raw=true"
  },
  {
    "name_ru": "Подъём штанги на скамье Скотта",
    "name_en": "Preacher Curl",
    "groups": [
      "Руки"
    ],
    "targets": [
      "Бицепс"
    ],
    "type": "Изолирующее",
    "equipment": [
      "Штанга",
      "Скамья Скотта"
    ],
    "gif": "https://github.com/kainshel/tnglogbot/blob/f4a372b5015a0b826bd9d3f6a3f7a5d28445ea09/gif_exercises/Preacher Curl.gif?raw=true"
  },
  {
    "name_ru": "Подъём гантелей на скамье Скотта",
    "name_en": "Preacher Dumbbell Curl",
    "groups": [
      "Руки"
    ],
    "targets": [
      "Бицепс"
    ],
    "type": "Изолирующее",
    "equipment": [
      "Гантели",
      "Скамья Скотта"
    ],
    "gif": "https://github.com/kainshel/tnglogbot/blob/f4a372b5015a0b826bd9d3f6a3f7a5d28445ea09/gif_exercises/Preacher Dumbbell Curl.gif?raw=true"
  },
  {
    "name_ru": "Концентрированный подъём на бицепс",
    "name_en": "Concentration Curl",
    "groups": [
      "Руки"
    ],
    "targets": [
      "Бицепс"
    ],
    "type": "Изолирующее",
    "equipment": [
      "Гантель"
    ],
    "gif": "https://github.com/kainshel/tnglogbot/blob/f4a372b5015a0b826bd9d3f6a3f7a5d28445ea09/gif_exercises/Concentration Curl.gif?raw=true"
  },
  {
    "name_ru": "Подъём EZ-штанги на бицепс",
    "name_en": "EZ Bar Curl",
    "groups": [
      "Руки"
    ],
    "targets": [
      "Бицепс"
    ],
    "type": "Изолирующее",
    "equipment": [
      "EZ-штанга"
    ],
    "gif": "https://github.com/kainshel/tnglogbot/blob/f4a372b5015a0b826bd9d3f6a3f7a5d28445ea09/gif_exercises/EZ Bar Curl.gif?raw=true"
  },
  {
    "name_ru": "Подъём на бицепс в тренажёре",
    "name_en": "Biceps Curl Machine",
    "groups": [
      "Руки"
    ],
    "targets": [
      "Бицепс"
    ],
    "type": "Изолирующее",
    "equipment": [
      "Тренажёр"
    ],
    "gif": "https://github.com/kainshel/tnglogbot/blob/f4a372b5015a0b826bd9d3f6a3f7a5d28445ea09/gif_exercises/Biceps Curl Machine.gif?raw=true"
  },
  {
    "name_ru": "Подъём на бицепс на блоке",
    "name_en": "Cable Curl",
    "groups": [
      "Руки"
    ],
    "targets": [
      "Бицепс"
    ],
    "type": "Изолирующее",
    "equipment": [
      "Кроссовер"
    ],
    "gif": "https://github.com/kainshel/tnglogbot/blob/f4a372b5015a0b826bd9d3f6a3f7a5d28445ea09/gif_exercises/Cable Curl.gif?raw=true"
  },
  {
    "name_ru": "Подъём каната на бицепс",
    "name_en": "Rope Cable Curl",
    "groups": [
      "Руки"
    ],
    "targets": [
      "Бицепс",
      "Предплечья"
    ],
    "type": "Изолирующее",
    "equipment": [
      "Кроссовер"
    ],
    "gif": "https://github.com/kainshel/tnglogbot/blob/f4a372b5015a0b826bd9d3f6a3f7a5d28445ea09/gif_exercises/Rope Cable Curl.gif?raw=true"
  },
  {
    "name_ru": "Разгибания штанги лёжа",
    "name_en": "Lying Barbell Triceps Extension",
    "groups": [
      "Руки"
    ],
    "targets": [
      "Трицепс"
    ],
    "type": "Изолирующее",
    "equipment": [
      "Штанга",
      "Скамья"
    ],
    "gif": "https://github.com/kainshel/tnglogbot/blob/f4a372b5015a0b826bd9d3f6a3f7a5d28445ea09/gif_exercises/Lying Barbell Triceps Extension.gif?raw=true"
  },
  {
    "name_ru": "Разгибания EZ-штанги лёжа",
    "name_en": "Lying EZ Bar Triceps Extension",
    "groups": [
      "Руки"
    ],
    "targets": [
      "Трицепс"
    ],
    "type": "Изолирующее",
    "equipment": [
      "EZ-штанга",
      "Скамья"
    ],
    "gif": "https://github.com/kainshel/tnglogbot/blob/f4a372b5015a0b826bd9d3f6a3f7a5d28445ea09/gif_exercises/Lying EZ Bar Triceps Extension.gif?raw=true"
  },
  {
    "name_ru": "Разгибания гантелей лёжа",
    "name_en": "Lying Dumbbell Triceps Extension",
    "groups": [
      "Руки"
    ],
    "targets": [
      "Трицепс"
    ],
    "type": "Изолирующее",
    "equipment": [
      "Гантели",
      "Скамья"
    ],
    "gif": "https://github.com/kainshel/tnglogbot/blob/f4a372b5015a0b826bd9d3f6a3f7a5d28445ea09/gif_exercises/Lying Dumbbell Triceps Extension.gif?raw=true"
  },
  {
    "name_ru": "Разгибания рук с гантелей из-за головы",
    "name_en": "Overhead Dumbbell Extension",
    "groups": [
      "Руки"
    ],
    "targets": [
      "Трицепс"
    ],
    "type": "Изолирующее",
    "equipment": [
      "Гантель"
    ],
    "gif": "https://github.com/kainshel/tnglogbot/blob/f4a372b5015a0b826bd9d3f6a3f7a5d28445ea09/gif_exercises/Overhead Dumbbell Extension.gif?raw=true"
  },
  {
    "name_ru": "Разгибания рук с штангой из-за головы",
    "name_en": "Overhead Barbell Extension",
    "groups": [
      "Руки"
    ],
    "targets": [
      "Трицепс"
    ],
    "type": "Изолирующее",
    "equipment": [
      "Штанга"
    ],
    "gif": "https://github.com/kainshel/tnglogbot/blob/f4a372b5015a0b826bd9d3f6a3f7a5d28445ea09/gif_exercises/Overhead Barbell Extension.gif?raw=true"
  },
  {
    "name_ru": "Разгибания рук на блоке",
    "name_en": "Triceps Pushdown",
    "groups": [
      "Руки"
    ],
    "targets": [
      "Трицепс"
    ],
    "type": "Изолирующее",
    "equipment": [
      "Кроссовер"
    ],
    "gif": "https://github.com/kainshel/tnglogbot/blob/f4a372b5015a0b826bd9d3f6a3f7a5d28445ea09/gif_exercises/Triceps Pushdown.gif?raw=true"
  },
  {
    "name_ru": "Разгибания рук с канатом на блоке",
    "name_en": "Rope Triceps Pushdown",
    "groups": [
      "Руки"
    ],
    "targets": [
      "Трицепс"
    ],
    "type": "Изолирующее",
    "equipment": [
      "Кроссовер"
    ],
    "gif": "https://github.com/kainshel/tnglogbot/blob/f4a372b5015a0b826bd9d3f6a3f7a5d28445ea09/gif_exercises/Rope Triceps Pushdown.gif?raw=true"
  },
  {
    "name_ru": "Разгибания рук на верхнем блоке одной рукой",
    "name_en": "One-Arm Cable Triceps Extension",
    "groups": [
      "Руки"
    ],
    "targets": [
      "Трицепс"
    ],
    "type": "Изолирующее",
    "equipment": [
      "Кроссовер"
    ],
    "gif": "https://github.com/kainshel/tnglogbot/blob/f4a372b5015a0b826bd9d3f6a3f7a5d28445ea09/gif_exercises/One-Arm Cable Triceps Extension.gif?raw=true"
  },
  {
    "name_ru": "Алмазные отжимания",
    "name_en": "Diamond Push-Ups",
    "groups": [
      "Грудь",
      "Руки"
    ],
    "targets": [
      "Трицепс",
      "Грудные"
    ],
    "type": "Базовое",
    "equipment": [
      "Собственный вес"
    ],
    "gif": "https://github.com/kainshel/tnglogbot/blob/f4a372b5015a0b826bd9d3f6a3f7a5d28445ea09/gif_exercises/Diamond Push-Ups.gif?raw=true"
  },
  {
    "name_ru": "Отжимания на брусьях",
    "name_en": "Dips",
    "groups": [
      "Грудь",
      "Руки"
    ],
    "targets": [
      "Трицепс",
      "Грудные"
    ],
    "type": "Базовое",
    "equipment": [
      "Брусья"
    ],
    "gif": "https://github.com/kainshel/tnglogbot/blob/f4a372b5015a0b826bd9d3f6a3f7a5d28445ea09/gif_exercises/Dips.gif?raw=true"
  },
  {
    "name_ru": "Отжимания на брусьях с весом",
    "name_en": "Weighted Dips",
    "groups": [
      "Грудь",
      "Руки"
    ],
    "targets": [
      "Трицепс",
      "Грудные"
    ],
    "type": "Базовое",
    "equipment": [
      "Брусья",
      "Пояс с отягощением"
    ],
    "gif": "https://github.com/kainshel/tnglogbot/blob/f4a372b5015a0b826bd9d3f6a3f7a5d28445ea09/gif_exercises/Weighted Dips.gif?raw=true"
  },
  {
    "name_ru": "Сгибания запястий с штангой",
    "name_en": "Wrist Curl",
    "groups": [
      "Руки"
    ],
    "targets": [
      "Предплечья"
    ],
    "type": "Изолирующее",
    "equipment": [
      "Штанга"
    ],
    "gif": "https://github.com/kainshel/tnglogbot/blob/f4a372b5015a0b826bd9d3f6a3f7a5d28445ea09/gif_exercises/Wrist Curl.gif?raw=true"
  },
  {
    "name_ru": "Сгибания запястий с гантелями",
    "name_en": "Dumbbell Wrist Curl",
    "groups": [
      "Руки"
    ],
    "targets": [
      "Предплечья"
    ],
    "type": "Изолирующее",
    "equipment": [
      "Гантели"
    ],
    "gif": "https://github.com/kainshel/tnglogbot/blob/f4a372b5015a0b826bd9d3f6a3f7a5d28445ea09/gif_exercises/Dumbbell Wrist Curl.gif?raw=true"
  },
  {
    "name_ru": "Разгибания запястий с штангой",
    "name_en": "Reverse Wrist Curl",
    "groups": [
      "Руки"
    ],
    "targets": [
      "Предплечья"
    ],
    "type": "Изолирующее",
    "equipment": [
      "Штанга"
    ],
    "gif": "https://github.com/kainshel/tnglogbot/blob/f4a372b5015a0b826bd9d3f6a3f7a5d28445ea09/gif_exercises/Reverse Wrist Curl.gif?raw=true"
  },
  {
    "name_ru": "Разгибания запястий с гантелями",
    "name_en": "Reverse Dumbbell Wrist Curl",
    "groups": [
      "Руки"
    ],
    "targets": [
      "Предплечья"
    ],
    "type": "Изолирующее",
    "equipment": [
      "Гантели"
    ],
    "gif": "https://github.com/kainshel/tnglogbot/blob/f4a372b5015a0b826bd9d3f6a3f7a5d28445ea09/gif_exercises/Reverse Dumbbell Wrist Curl.gif?raw=true"
  },
  {
    "name_ru": "Пронация/супинация предплечья",
    "name_en": "Pronation/Supination",
    "groups": [
      "Руки"
    ],
    "targets": [
      "Предплечья"
    ],
    "type": "Изолирующее",
    "equipment": [
      "Гантели"
    ],
    "gif": "https://github.com/kainshel/tnglogbot/blob/f4a372b5015a0b826bd9d3f6a3f7a5d28445ea09/gif_exercises/Pronation/Supination.gif?raw=true"
  },
  {
    "name_ru": "nan",
    "name_en": "nan",
    "groups": [
      "nan"
    ],
    "targets": [
      "nan"
    ],
    "type": "nan",
    "equipment": [
      "nan"
    ],
    "gif": "https://github.com/kainshel/tnglogbot/blob/f4a372b5015a0b826bd9d3f6a3f7a5d28445ea09/gif_exercises/nan.gif?raw=true"
  },
  {
    "name_ru": "Название (RU)",
    "name_en": "Название (EN)",
    "groups": [
      "Основная группа"
    ],
    "targets": [
      "Подгруппа"
    ],
    "type": "Тип",
    "equipment": [
      "Оборудование"
    ],
    "gif": "https://github.com/kainshel/tnglogbot/blob/f4a372b5015a0b826bd9d3f6a3f7a5d28445ea09/gif_exercises/Название (EN).gif?raw=true"
  },
  {
    "name_ru": "Жим штанги лёжа",
    "name_en": "Barbell Bench Press",
    "groups": [
      "Грудь",
      "Плечи",
      "Руки"
    ],
    "targets": [
      "Середина",
      "Передняя дельта",
      "Трицепс"
    ],
    "type": "Базовое",
    "equipment": [
      "Штанга",
      "Скамья"
    ],
    "gif": "https://github.com/kainshel/tnglogbot/blob/f4a372b5015a0b826bd9d3f6a3f7a5d28445ea09/gif_exercises/Barbell Bench Press.gif?raw=true"
  },
  {
    "name_ru": "Жим гантелей лёжа",
    "name_en": "Dumbbell Bench Press",
    "groups": [
      "Грудь",
      "Плечи",
      "Руки"
    ],
    "targets": [
      "Середина",
      "Передняя дельта",
      "Трицепс"
    ],
    "type": "Базовое",
    "equipment": [
      "Гантели",
      "Скамья"
    ],
    "gif": "https://github.com/kainshel/tnglogbot/blob/f4a372b5015a0b826bd9d3f6a3f7a5d28445ea09/gif_exercises/Dumbbell Bench Press.gif?raw=true"
  },
  {
    "name_ru": "Жим штанги на наклонной скамье",
    "name_en": "Incline Barbell Press",
    "groups": [
      "Грудь",
      "Плечи",
      "Руки"
    ],
    "targets": [
      "Верх",
      "Передняя дельта",
      "Трицепс"
    ],
    "type": "Базовое",
    "equipment": [
      "Штанга",
      "Скамья"
    ],
    "gif": "https://github.com/kainshel/tnglogbot/blob/f4a372b5015a0b826bd9d3f6a3f7a5d28445ea09/gif_exercises/Incline Barbell Press.gif?raw=true"
  },
  {
    "name_ru": "Жим гантелей на наклонной",
    "name_en": "Incline Dumbbell Press",
    "groups": [
      "Грудь",
      "Плечи",
      "Руки"
    ],
    "targets": [
      "Верх",
      "Передняя дельта",
      "Трицепс"
    ],
    "type": "Базовое",
    "equipment": [
      "Гантели",
      "Скамья"
    ],
    "gif": "https://github.com/kainshel/tnglogbot/blob/f4a372b5015a0b826bd9d3f6a3f7a5d28445ea09/gif_exercises/Incline Dumbbell Press.gif?raw=true"
  },
  {
    "name_ru": "Жим штанги на отрицательной скамье",
    "name_en": "Decline Barbell Bench Press",
    "groups": [
      "Грудь",
      "Плечи",
      "Руки"
    ],
    "targets": [
      "Низ",
      "Передняя дельта",
      "Трицепс"
    ],
    "type": "Базовое",
    "equipment": [
      "Штанга",
      "Скамья"
    ],
    "gif": "https://github.com/kainshel/tnglogbot/blob/f4a372b5015a0b826bd9d3f6a3f7a5d28445ea09/gif_exercises/Decline Barbell Bench Press.gif?raw=true"
  },
  {
    "name_ru": "Жим гантелей на отрицательной скамье",
    "name_en": "Decline Dumbbell Press",
    "groups": [
      "Грудь",
      "Плечи",
      "Руки"
    ],
    "targets": [
      "Низ",
      "Передняя дельта",
      "Трицепс"
    ],
    "type": "Базовое",
    "equipment": [
      "Гантели",
      "Скамья"
    ],
    "gif": "https://github.com/kainshel/tnglogbot/blob/f4a372b5015a0b826bd9d3f6a3f7a5d28445ea09/gif_exercises/Decline Dumbbell Press.gif?raw=true"
  },
  {
    "name_ru": "Разведение гантелей лёжа",
    "name_en": "Dumbbell Fly",
    "groups": [
      "Грудь",
      "Плечи"
    ],
    "targets": [
      "Середина",
      "Передняя дельта"
    ],
    "type": "Изолирующее",
    "equipment": [
      "Гантели",
      "Скамья"
    ],
    "gif": "https://github.com/kainshel/tnglogbot/blob/f4a372b5015a0b826bd9d3f6a3f7a5d28445ea09/gif_exercises/Dumbbell Fly.gif?raw=true"
  },
  {
    "name_ru": "Разведение гантелей на наклонной",
    "name_en": "Incline Dumbbell Fly",
    "groups": [
      "Грудь",
      "Плечи"
    ],
    "targets": [
      "Верх",
      "Передняя дельта"
    ],
    "type": "Изолирующее",
    "equipment": [
      "Гантели",
      "Скамья"
    ],
    "gif": "https://github.com/kainshel/tnglogbot/blob/f4a372b5015a0b826bd9d3f6a3f7a5d28445ea09/gif_exercises/Incline Dumbbell Fly.gif?raw=true"
  },
  {
    "name_ru": "Разведение гантелей на отрицательной",
    "name_en": "Decline Dumbbell Fly",
    "groups": [
      "Грудь",
      "Плечи"
    ],
    "targets": [
      "Низ",
      "Передняя дельта"
    ],
    "type": "Изолирующее",
    "equipment": [
      "Гантели",
      "Скамья"
    ],
    "gif": "https://github.com/kainshel/tnglogbot/blob/f4a372b5015a0b826bd9d3f6a3f7a5d28445ea09/gif_exercises/Decline Dumbbell Fly.gif?raw=true"
  },
  {
    "name_ru": "Сведение на кроссовере",
    "name_en": "Cable Fly",
    "groups": [
      "Грудь",
      "Плечи"
    ],
    "targets": [
      "Середина",
      "Передняя дельта"
    ],
    "type": "Изолирующее",
    "equipment": [
      "Кроссовер"
    ],
    "gif": "https://github.com/kainshel/tnglogbot/blob/f4a372b5015a0b826bd9d3f6a3f7a5d28445ea09/gif_exercises/Cable Fly.gif?raw=true"
  },
  {
    "name_ru": "Сведение на кроссовере вверх",
    "name_en": "High Cable Fly",
    "groups": [
      "Грудь",
      "Плечи"
    ],
    "targets": [
      "Верх",
      "Передняя дельта"
    ],
    "type": "Изолирующее",
    "equipment": [
      "Кроссовер"
    ],
    "gif": "https://github.com/kainshel/tnglogbot/blob/f4a372b5015a0b826bd9d3f6a3f7a5d28445ea09/gif_exercises/High Cable Fly.gif?raw=true"
  },
  {
    "name_ru": "Сведение на кроссовере вниз",
    "name_en": "Low Cable Fly",
    "groups": [
      "Грудь",
      "Плечи"
    ],
    "targets": [
      "Низ",
      "Передняя дельта"
    ],
    "type": "Изолирующее",
    "equipment": [
      "Кроссовер"
    ],
    "gif": "https://github.com/kainshel/tnglogbot/blob/f4a372b5015a0b826bd9d3f6a3f7a5d28445ea09/gif_exercises/Low Cable Fly.gif?raw=true"
  },
  {
    "name_ru": "Отжимания от пола",
    "name_en": "Push-Ups",
    "groups": [
      "Грудь",
      "Плечи",
      "Руки"
    ],
    "targets": [
      "Середина",
      "Передняя дельта",
      "Трицепс"
    ],
    "type": "Базовое",
    "equipment": [
      "Собственный вес"
    ],
    "gif": "https://github.com/kainshel/tnglogbot/blob/f4a372b5015a0b826bd9d3f6a3f7a5d28445ea09/gif_exercises/Push-Ups.gif?raw=true"
  },
  {
    "name_ru": "Отжимания узким хватом",
    "name_en": "Close-Grip Push-Ups",
    "groups": [
      "Грудь",
      "Плечи",
      "Руки"
    ],
    "targets": [
      "Середина",
      "Трицепс",
      "Передняя дельта"
    ],
    "type": "Базовое",
    "equipment": [
      "Собственный вес"
    ],
    "gif": "https://github.com/kainshel/tnglogbot/blob/f4a372b5015a0b826bd9d3f6a3f7a5d28445ea09/gif_exercises/Close-Grip Push-Ups.gif?raw=true"
  },
  {
    "name_ru": "Отжимания с широким хватом",
    "name_en": "Wide-Grip Push-Ups",
    "groups": [
      "Грудь",
      "Плечи"
    ],
    "targets": [
      "Середина",
      "Передняя дельта"
    ],
    "type": "Базовое",
    "equipment": [
      "Собственный вес"
    ],
    "gif": "https://github.com/kainshel/tnglogbot/blob/f4a372b5015a0b826bd9d3f6a3f7a5d28445ea09/gif_exercises/Wide-Grip Push-Ups.gif?raw=true"
  },
  {
    "name_ru": "Отжимания на брусьях",
    "name_en": "Dips",
    "groups": [
      "Грудь",
      "Плечи",
      "Руки"
    ],
    "targets": [
      "Низ",
      "Передняя дельта",
      "Трицепс"
    ],
    "type": "Базовое",
    "equipment": [
      "Брусья"
    ],
    "gif": "https://github.com/kainshel/tnglogbot/blob/f4a372b5015a0b826bd9d3f6a3f7a5d28445ea09/gif_exercises/Dips.gif?raw=true"
  },
  {
    "name_ru": "Отжимания на кольцах",
    "name_en": "Ring Dips",
    "groups": [
      "Грудь",
      "Плечи",
      "Руки"
    ],
    "targets": [
      "Низ",
      "Передняя дельта",
      "Трицепс"
    ],
    "type": "Базовое",
    "equipment": [
      "Гимнастические кольца"
    ],
    "gif": "https://github.com/kainshel/tnglogbot/blob/f4a372b5015a0b826bd9d3f6a3f7a5d28445ea09/gif_exercises/Ring Dips.gif?raw=true"
  },
  {
    "name_ru": "Отжимания с хлопком",
    "name_en": "Clap Push-Ups",
    "groups": [
      "Грудь",
      "Плечи",
      "Руки"
    ],
    "targets": [
      "Середина",
      "Передняя дельта",
      "Трицепс"
    ],
    "type": "Взрывное",
    "equipment": [
      "Собственный вес"
    ],
    "gif": "https://github.com/kainshel/tnglogbot/blob/f4a372b5015a0b826bd9d3f6a3f7a5d28445ea09/gif_exercises/Clap Push-Ups.gif?raw=true"
  },
  {
    "name_ru": "Жим в тренажёре",
    "name_en": "Chest Press Machine",
    "groups": [
      "Грудь",
      "Плечи",
      "Руки"
    ],
    "targets": [
      "Середина",
      "Передняя дельта",
      "Трицепс"
    ],
    "type": "Базовое",
    "equipment": [
      "Тренажёр"
    ],
    "gif": "https://github.com/kainshel/tnglogbot/blob/f4a372b5015a0b826bd9d3f6a3f7a5d28445ea09/gif_exercises/Chest Press Machine.gif?raw=true"
  },
  {
    "name_ru": "Жим в тренажёре под углом",
    "name_en": "Incline Chest Press Machine",
    "groups": [
      "Грудь",
      "Плечи",
      "Руки"
    ],
    "targets": [
      "Верх",
      "Передняя дельта",
      "Трицепс"
    ],
    "type": "Базовое",
    "equipment": [
      "Тренажёр"
    ],
    "gif": "https://github.com/kainshel/tnglogbot/blob/f4a372b5015a0b826bd9d3f6a3f7a5d28445ea09/gif_exercises/Incline Chest Press Machine.gif?raw=true"
  },
  {
    "name_ru": "nan",
    "name_en": "nan",
    "groups": [
      "nan"
    ],
    "targets": [
      "nan"
    ],
    "type": "nan",
    "equipment": [
      "nan"
    ],
    "gif": "https://github.com/kainshel/tnglogbot/blob/f4a372b5015a0b826bd9d3f6a3f7a5d28445ea09/gif_exercises/nan.gif?raw=true"
  },
  {
    "name_ru": "Название (RU)",
    "name_en": "Название (EN)",
    "groups": [
      "Основная группа"
    ],
    "targets": [
      "Подгруппа"
    ],
    "type": "Тип",
    "equipment": [
      "Оборудование"
    ],
    "gif": "https://github.com/kainshel/tnglogbot/blob/f4a372b5015a0b826bd9d3f6a3f7a5d28445ea09/gif_exercises/Название (EN).gif?raw=true"
  },
  {
    "name_ru": "Скручивания на полу",
    "name_en": "Crunch",
    "groups": [
      "Пресс"
    ],
    "targets": [
      "Верхняя часть пресса"
    ],
    "type": "Изолирующее",
    "equipment": [
      "Собственный вес"
    ],
    "gif": "https://github.com/kainshel/tnglogbot/blob/f4a372b5015a0b826bd9d3f6a3f7a5d28445ea09/gif_exercises/Crunch.gif?raw=true"
  },
  {
    "name_ru": "Обратные скручивания",
    "name_en": "Reverse Crunch",
    "groups": [
      "Пресс"
    ],
    "targets": [
      "Нижняя часть пресса"
    ],
    "type": "Изолирующее",
    "equipment": [
      "Собственный вес"
    ],
    "gif": "https://github.com/kainshel/tnglogbot/blob/f4a372b5015a0b826bd9d3f6a3f7a5d28445ea09/gif_exercises/Reverse Crunch.gif?raw=true"
  },
  {
    "name_ru": "Подъём ног лёжа",
    "name_en": "Leg Raise",
    "groups": [
      "Пресс"
    ],
    "targets": [
      "Нижняя часть пресса"
    ],
    "type": "Изолирующее",
    "equipment": [
      "Собственный вес"
    ],
    "gif": "https://github.com/kainshel/tnglogbot/blob/f4a372b5015a0b826bd9d3f6a3f7a5d28445ea09/gif_exercises/Leg Raise.gif?raw=true"
  },
  {
    "name_ru": "Подъём ног в висе",
    "name_en": "Hanging Leg Raise",
    "groups": [
      "Пресс"
    ],
    "targets": [
      "Нижняя часть пресса"
    ],
    "type": "Изолирующее",
    "equipment": [
      "Турник"
    ],
    "gif": "https://github.com/kainshel/tnglogbot/blob/f4a372b5015a0b826bd9d3f6a3f7a5d28445ea09/gif_exercises/Hanging Leg Raise.gif?raw=true"
  },
  {
    "name_ru": "Подъём коленей в висе",
    "name_en": "Hanging Knee Raise",
    "groups": [
      "Пресс"
    ],
    "targets": [
      "Нижняя часть пресса"
    ],
    "type": "Изолирующее",
    "equipment": [
      "Турник"
    ],
    "gif": "https://github.com/kainshel/tnglogbot/blob/f4a372b5015a0b826bd9d3f6a3f7a5d28445ea09/gif_exercises/Hanging Knee Raise.gif?raw=true"
  },
  {
    "name_ru": "Скручивания на скамье с наклоном",
    "name_en": "Decline Bench Crunch",
    "groups": [
      "Пресс"
    ],
    "targets": [
      "Верхняя часть пресса"
    ],
    "type": "Изолирующее",
    "equipment": [
      "Скамья"
    ],
    "gif": "https://github.com/kainshel/tnglogbot/blob/f4a372b5015a0b826bd9d3f6a3f7a5d28445ea09/gif_exercises/Decline Bench Crunch.gif?raw=true"
  },
  {
    "name_ru": "Русский твист",
    "name_en": "Russian Twist",
    "groups": [
      "Корпус"
    ],
    "targets": [
      "Косые мышцы живота"
    ],
    "type": "Изолирующее",
    "equipment": [
      "Медицинский мяч",
      "Гантеля",
      "Собственный вес"
    ],
    "gif": "https://github.com/kainshel/tnglogbot/blob/f4a372b5015a0b826bd9d3f6a3f7a5d28445ea09/gif_exercises/Russian Twist.gif?raw=true"
  },
  {
    "name_ru": "Планка",
    "name_en": "Plank",
    "groups": [
      "Корпус"
    ],
    "targets": [
      "Поперечная мышца живота",
      "Стабилизаторы"
    ],
    "type": "Изометрическое",
    "equipment": [
      "Собственный вес"
    ],
    "gif": "https://github.com/kainshel/tnglogbot/blob/f4a372b5015a0b826bd9d3f6a3f7a5d28445ea09/gif_exercises/Plank.gif?raw=true"
  },
  {
    "name_ru": "Боковая планка",
    "name_en": "Side Plank",
    "groups": [
      "Корпус"
    ],
    "targets": [
      "Косые мышцы живота",
      "Стабилизаторы"
    ],
    "type": "Изометрическое",
    "equipment": [
      "Собственный вес"
    ],
    "gif": "https://github.com/kainshel/tnglogbot/blob/f4a372b5015a0b826bd9d3f6a3f7a5d28445ea09/gif_exercises/Side Plank.gif?raw=true"
  },
  {
    "name_ru": "Планка с подъёмом ноги",
    "name_en": "Plank with Leg Raise",
    "groups": [
      "Корпус"
    ],
    "targets": [
      "Поперечная мышца живота",
      "Стабилизаторы"
    ],
    "type": "Изометрическое",
    "equipment": [
      "Собственный вес"
    ],
    "gif": "https://github.com/kainshel/tnglogbot/blob/f4a372b5015a0b826bd9d3f6a3f7a5d28445ea09/gif_exercises/Plank with Leg Raise.gif?raw=true"
  },
  {
    "name_ru": "Велосипед",
    "name_en": "Bicycle Crunch",
    "groups": [
      "Пресс",
      "Корпус"
    ],
    "targets": [
      "Верхняя часть пресса",
      "Косые мышцы"
    ],
    "type": "Изолирующее",
    "equipment": [
      "Собственный вес"
    ],
    "gif": "https://github.com/kainshel/tnglogbot/blob/f4a372b5015a0b826bd9d3f6a3f7a5d28445ea09/gif_exercises/Bicycle Crunch.gif?raw=true"
  },
  {
    "name_ru": "Косые скручивания",
    "name_en": "Oblique Crunch",
    "groups": [
      "Пресс",
      "Корпус"
    ],
    "targets": [
      "Косые мышцы живота"
    ],
    "type": "Изолирующее",
    "equipment": [
      "Собственный вес"
    ],
    "gif": "https://github.com/kainshel/tnglogbot/blob/f4a372b5015a0b826bd9d3f6a3f7a5d28445ea09/gif_exercises/Oblique Crunch.gif?raw=true"
  },
  {
    "name_ru": "Дракон флаг",
    "name_en": "Dragon Flag",
    "groups": [
      "Пресс",
      "Корпус"
    ],
    "targets": [
      "Верхняя и нижняя часть пресса"
    ],
    "type": "Базовое",
    "equipment": [
      "Скамья"
    ],
    "gif": "https://github.com/kainshel/tnglogbot/blob/f4a372b5015a0b826bd9d3f6a3f7a5d28445ea09/gif_exercises/Dragon Flag.gif?raw=true"
  },
  {
    "name_ru": "Колесо для пресса",
    "name_en": "Ab Wheel Rollout",
    "groups": [
      "Пресс",
      "Корпус"
    ],
    "targets": [
      "Прямые мышцы",
      "Поперечная мышца живота"
    ],
    "type": "Базовое",
    "equipment": [
      "Колесо для пресса"
    ],
    "gif": "https://github.com/kainshel/tnglogbot/blob/f4a372b5015a0b826bd9d3f6a3f7a5d28445ea09/gif_exercises/Ab Wheel Rollout.gif?raw=true"
  },
  {
    "name_ru": "Подъём туловища на римском стуле",
    "name_en": "Back Extension Roman Chair",
    "groups": [
      "Спина",
      "Корпус"
    ],
    "targets": [
      "Разгибатели спины",
      "Ягодицы"
    ],
    "type": "Базовое",
    "equipment": [
      "Римский стул"
    ],
    "gif": "https://github.com/kainshel/tnglogbot/blob/f4a372b5015a0b826bd9d3f6a3f7a5d28445ea09/gif_exercises/Back Extension Roman Chair.gif?raw=true"
  },
  {
    "name_ru": "V-скручивания",
    "name_en": "V-Up",
    "groups": [
      "Пресс"
    ],
    "targets": [
      "Верхняя и нижняя часть пресса"
    ],
    "type": "Базовое",
    "equipment": [
      "Собственный вес"
    ],
    "gif": "https://github.com/kainshel/tnglogbot/blob/f4a372b5015a0b826bd9d3f6a3f7a5d28445ea09/gif_exercises/V-Up.gif?raw=true"
  },
  {
    "name_ru": "Касания пяток",
    "name_en": "Heel Touch",
    "groups": [
      "Пресс"
    ],
    "targets": [
      "Косые мышцы живота"
    ],
    "type": "Изолирующее",
    "equipment": [
      "Собственный вес"
    ],
    "gif": "https://github.com/kainshel/tnglogbot/blob/f4a372b5015a0b826bd9d3f6a3f7a5d28445ea09/gif_exercises/Heel Touch.gif?raw=true"
  },
  {
    "name_ru": "Повороты корпуса с грифом",
    "name_en": "Bar Twist",
    "groups": [
      "Корпус"
    ],
    "targets": [
      "Косые мышцы живота"
    ],
    "type": "Изолирующее",
    "equipment": [
      "Гриф"
    ],
    "gif": "https://github.com/kainshel/tnglogbot/blob/f4a372b5015a0b826bd9d3f6a3f7a5d28445ea09/gif_exercises/Bar Twist.gif?raw=true"
  },
  {
    "name_ru": "nan",
    "name_en": "nan",
    "groups": [
      "nan"
    ],
    "targets": [
      "nan"
    ],
    "type": "nan",
    "equipment": [
      "nan"
    ],
    "gif": "https://github.com/kainshel/tnglogbot/blob/f4a372b5015a0b826bd9d3f6a3f7a5d28445ea09/gif_exercises/nan.gif?raw=true"
  },
  {
    "name_ru": "Название (RU)",
    "name_en": "Название (EN)",
    "groups": [
      "Основная группа"
    ],
    "targets": [
      "Подгруппа"
    ],
    "type": "Тип",
    "equipment": [
      "Оборудование"
    ],
    "gif": "https://github.com/kainshel/tnglogbot/blob/f4a372b5015a0b826bd9d3f6a3f7a5d28445ea09/gif_exercises/Название (EN).gif?raw=true"
  },
  {
    "name_ru": "Берпи",
    "name_en": "Burpee",
    "groups": [
      "Всё тело"
    ],
    "targets": [
      "Ноги",
      "Руки",
      "Корпус"
    ],
    "type": "Функциональное",
    "equipment": [
      "Собственный вес"
    ],
    "gif": "https://github.com/kainshel/tnglogbot/blob/f4a372b5015a0b826bd9d3f6a3f7a5d28445ea09/gif_exercises/Burpee.gif?raw=true"
  },
  {
    "name_ru": "Берпи с прыжком на тумбу",
    "name_en": "Burpee Box Jump",
    "groups": [
      "Всё тело"
    ],
    "targets": [
      "Ноги",
      "Руки",
      "Корпус"
    ],
    "type": "Функциональное",
    "equipment": [
      "Плиометрическая тумба"
    ],
    "gif": "https://github.com/kainshel/tnglogbot/blob/f4a372b5015a0b826bd9d3f6a3f7a5d28445ea09/gif_exercises/Burpee Box Jump.gif?raw=true"
  },
  {
    "name_ru": "Прыжки на тумбу",
    "name_en": "Box Jump",
    "groups": [
      "Ноги"
    ],
    "targets": [
      "Квадрицепсы",
      "Ягодицы",
      "Икры"
    ],
    "type": "Функциональное",
    "equipment": [
      "Плиометрическая тумба"
    ],
    "gif": "https://github.com/kainshel/tnglogbot/blob/f4a372b5015a0b826bd9d3f6a3f7a5d28445ea09/gif_exercises/Box Jump.gif?raw=true"
  },
  {
    "name_ru": "Прыжки через скакалку",
    "name_en": "Jump Rope",
    "groups": [
      "Всё тело"
    ],
    "targets": [
      "Кардио",
      "Координация"
    ],
    "type": "Кардио",
    "equipment": [
      "Скакалка"
    ],
    "gif": "https://github.com/kainshel/tnglogbot/blob/f4a372b5015a0b826bd9d3f6a3f7a5d28445ea09/gif_exercises/Jump Rope.gif?raw=true"
  },
  {
    "name_ru": "Альпинист",
    "name_en": "Mountain Climber",
    "groups": [
      "Всё тело"
    ],
    "targets": [
      "Пресс",
      "Плечи",
      "Ноги"
    ],
    "type": "Функциональное",
    "equipment": [
      "Собственный вес"
    ],
    "gif": "https://github.com/kainshel/tnglogbot/blob/f4a372b5015a0b826bd9d3f6a3f7a5d28445ea09/gif_exercises/Mountain Climber.gif?raw=true"
  },
  {
    "name_ru": "Тяга гири к подбородку",
    "name_en": "Kettlebell High Pull",
    "groups": [
      "Всё тело"
    ],
    "targets": [
      "Плечи",
      "Спина",
      "Ноги"
    ],
    "type": "Функциональное",
    "equipment": [
      "Гиря"
    ],
    "gif": "https://github.com/kainshel/tnglogbot/blob/f4a372b5015a0b826bd9d3f6a3f7a5d28445ea09/gif_exercises/Kettlebell High Pull.gif?raw=true"
  },
  {
    "name_ru": "Свинг гирей",
    "name_en": "Kettlebell Swing",
    "groups": [
      "Всё тело"
    ],
    "targets": [
      "Ягодицы",
      "Бицепс бедра",
      "Плечи"
    ],
    "type": "Функциональное",
    "equipment": [
      "Гиря"
    ],
    "gif": "https://github.com/kainshel/tnglogbot/blob/f4a372b5015a0b826bd9d3f6a3f7a5d28445ea09/gif_exercises/Kettlebell Swing.gif?raw=true"
  },
  {
    "name_ru": "Турецкий подъём",
    "name_en": "TGU (Turkish Get-Up)",
    "groups": [
      "Всё тело"
    ],
    "targets": [
      "Плечи",
      "Пресс",
      "Ноги"
    ],
    "type": "Функциональное",
    "equipment": [
      "Гиря"
    ],
    "gif": "https://github.com/kainshel/tnglogbot/blob/f4a372b5015a0b826bd9d3f6a3f7a5d28445ea09/gif_exercises/TGU (Turkish Get-Up).gif?raw=true"
  },
  {
    "name_ru": "Толчок штанги",
    "name_en": "Push Jerk",
    "groups": [
      "Всё тело"
    ],
    "targets": [
      "Плечи",
      "Трицепс",
      "Ноги"
    ],
    "type": "Функциональное",
    "equipment": [
      "Штанга"
    ],
    "gif": "https://github.com/kainshel/tnglogbot/blob/f4a372b5015a0b826bd9d3f6a3f7a5d28445ea09/gif_exercises/Push Jerk.gif?raw=true"
  },
  {
    "name_ru": "Рывок штанги",
    "name_en": "Snatch",
    "groups": [
      "Всё тело"
    ],
    "targets": [
      "Плечи",
      "Спина",
      "Ноги"
    ],
    "type": "Функциональное",
    "equipment": [
      "Штанга"
    ],
    "gif": "https://github.com/kainshel/tnglogbot/blob/f4a372b5015a0b826bd9d3f6a3f7a5d28445ea09/gif_exercises/Snatch.gif?raw=true"
  },
  {
    "name_ru": "Рывок гири",
    "name_en": "Kettlebell Snatch",
    "groups": [
      "Всё тело"
    ],
    "targets": [
      "Плечи",
      "Спина",
      "Ноги"
    ],
    "type": "Функциональное",
    "equipment": [
      "Гиря"
    ],
    "gif": "https://github.com/kainshel/tnglogbot/blob/f4a372b5015a0b826bd9d3f6a3f7a5d28445ea09/gif_exercises/Kettlebell Snatch.gif?raw=true"
  },
  {
    "name_ru": "Гребля на тренажёре",
    "name_en": "Rowing Machine",
    "groups": [
      "Всё тело"
    ],
    "targets": [
      "Спина",
      "Ноги",
      "Руки"
    ],
    "type": "Кардио",
    "equipment": [
      "Гребной тренажёр"
    ],
    "gif": "https://github.com/kainshel/tnglogbot/blob/f4a372b5015a0b826bd9d3f6a3f7a5d28445ea09/gif_exercises/Rowing Machine.gif?raw=true"
  },
  {
    "name_ru": "Атакующая велотренировка",
    "name_en": "Assault Bike",
    "groups": [
      "Всё тело"
    ],
    "targets": [
      "Кардио",
      "Ноги",
      "Руки"
    ],
    "type": "Кардио",
    "equipment": [
      "Велотренажёр"
    ],
    "gif": "https://github.com/kainshel/tnglogbot/blob/f4a372b5015a0b826bd9d3f6a3f7a5d28445ea09/gif_exercises/Assault Bike.gif?raw=true"
  },
  {
    "name_ru": "Спринт",
    "name_en": "Sprint",
    "groups": [
      "Всё тело"
    ],
    "targets": [
      "Кардио",
      "Ноги"
    ],
    "type": "Кардио",
    "equipment": [
      "Беговая дорожка",
      "Стадион"
    ],
    "gif": "https://github.com/kainshel/tnglogbot/blob/f4a372b5015a0b826bd9d3f6a3f7a5d28445ea09/gif_exercises/Sprint.gif?raw=true"
  },
  {
    "name_ru": "Бег на месте",
    "name_en": "Running in Place",
    "groups": [
      "Всё тело"
    ],
    "targets": [
      "Кардио",
      "Ноги"
    ],
    "type": "Кардио",
    "equipment": [
      "Собственный вес"
    ],
    "gif": "https://github.com/kainshel/tnglogbot/blob/f4a372b5015a0b826bd9d3f6a3f7a5d28445ea09/gif_exercises/Running in Place.gif?raw=true"
  },
  {
    "name_ru": "Подтягивания с хлопком",
    "name_en": "Clap Pull-Up",
    "groups": [
      "Всё тело"
    ],
    "targets": [
      "Спина",
      "Руки",
      "Корпус"
    ],
    "type": "Функциональное",
    "equipment": [
      "Турник"
    ],
    "gif": "https://github.com/kainshel/tnglogbot/blob/f4a372b5015a0b826bd9d3f6a3f7a5d28445ea09/gif_exercises/Clap Pull-Up.gif?raw=true"
  },
  {
    "name_ru": "Отжимания с хлопком",
    "name_en": "Clap Push-Up",
    "groups": [
      "Всё тело"
    ],
    "targets": [
      "Грудь",
      "Трицепс",
      "Пресс"
    ],
    "type": "Функциональное",
    "equipment": [
      "Собственный вес"
    ],
    "gif": "https://github.com/kainshel/tnglogbot/blob/f4a372b5015a0b826bd9d3f6a3f7a5d28445ea09/gif_exercises/Clap Push-Up.gif?raw=true"
  },
  {
    "name_ru": "Чередующиеся выпрыгивания",
    "name_en": "Alternating Jump Lunge",
    "groups": [
      "Ноги"
    ],
    "targets": [
      "Квадрицепсы",
      "Ягодицы",
      "Икры"
    ],
    "type": "Функциональное",
    "equipment": [
      "Собственный вес"
    ],
    "gif": "https://github.com/kainshel/tnglogbot/blob/f4a372b5015a0b826bd9d3f6a3f7a5d28445ea09/gif_exercises/Alternating Jump Lunge.gif?raw=true"
  },
  {
    "name_ru": "Скейт-джамп",
    "name_en": "Skater Jump",
    "groups": [
      "Ноги"
    ],
    "targets": [
      "Ягодицы",
      "Квадрицепсы",
      "Икры"
    ],
    "type": "Функциональное",
    "equipment": [
      "Собственный вес"
    ],
    "gif": "https://github.com/kainshel/tnglogbot/blob/f4a372b5015a0b826bd9d3f6a3f7a5d28445ea09/gif_exercises/Skater Jump.gif?raw=true"
  },
  {
    "name_ru": "Гребной бурпи",
    "name_en": "Rowing Burpee",
    "groups": [
      "Всё тело"
    ],
    "targets": [
      "Спина",
      "Ноги",
      "Руки"
    ],
    "type": "Функциональное",
    "equipment": [
      "Собственный вес",
      "Гребной тренажёр"
    ],
    "gif": "https://github.com/kainshel/tnglogbot/blob/f4a372b5015a0b826bd9d3f6a3f7a5d28445ea09/gif_exercises/Rowing Burpee.gif?raw=true"
  }
]