[
  {
    "id": 1,
    "name_ru": "Жим штанги лёжа",
    "name_en": "Barbell Bench Press",
    "type": "Базовое",
    "groups": ["Грудь", "Плечи", "Руки"],
    "targets": ["Середина", "Передняя дельта", "Трицепс"],
    "equipment": ["Штанга", "Скамья"],
    "gif": "assets/images/exercises/bench_press.gif"
  },
  {
    "id": 2,
    "name_ru": "Жим гантелей лёжа",
    "name_en": "Dumbbell Bench Press",
    "type": "Базовое",
    "groups": ["Грудь", "Плечи", "Руки"],
    "targets": ["Середина", "Передняя дельта", "Трицепс"],
    "equipment": ["Гантели", "Скамья"],
    "gif": "assets/images/exercises/Dumbbell_Bench_Press.gif"
  },
  {
    "id": 3,
    "name_ru": "Жим штанги на наклонной скамье",
    "name_en": "Incline Barbell Press",
    "type": "Базовое",
    "groups": ["Грудь", "Плечи", "Руки"],
    "targets": ["Верх", "Передняя дельта", "Трицепс"],
    "equipment": ["Штанга", "Скамья"],
    "gif": "assets/images/exercises/Incline_Bench_Press.gif"
  },
  {
    "id": 4,
    "name_ru": "Жим гантелей на наклонной",
    "name_en": "Incline Dumbbell Press",
    "type": "Базовое",
    "groups": ["Грудь", "Плечи", "Руки"],
    "targets": ["Верх", "Передняя дельта", "Трицепс"],
    "equipment": ["Гантели", "Скамья"],
    "gif": "assets/images/exercises/Incline_Barbell_Press.gif"
  },
  {
    "id": 5,
    "name_ru": "Жим штанги на отрицательной скамье",
    "name_en": "Decline Barbell Bench Press",
    "type": "Базовое",
    "groups": ["Грудь", "Плечи", "Руки"],
    "targets": ["Низ", "Передняя дельта", "Трицепс"],
    "equipment": ["Штанга", "Скамья"],
    "gif": "assets/images/exercises/Decline_Barbell_Bench_Press.gif"
  },
  {
    "id": 6,
    "name_ru": "Жим гантелей на отрицательной скамье",
    "name_en": "Decline Dumbbell Press",
    "type": "Базовое",
    "groups": ["Грудь", "Плечи", "Руки"],
    "targets": ["Низ", "Передняя дельта", "Трицепс"],
    "equipment": ["Гантели", "Скамья"],
    "gif": "assets/images/exercises/Decline_Dumbbell_Press.gif"
  },
  {
    "id": 7,
    "name_ru": "Разведение гантелей лёжа",
    "name_en": "Dumbbell Fly",
    "type": "Изолирующее",
    "groups": ["Грудь", "Плечи"],
    "targets": ["Середина", "Передняя дельта"],
    "equipment": ["Гантели", "Скамья"],
    "gif": "assets/images/exercises/Dumbbell_Fly.gif"
  },
  {
    "id": 8,
    "name_ru": "Разведение гантелей на наклонной",
    "name_en": "Incline Dumbbell Fly",
    "type": "Изолирующее",
    "groups": ["Грудь", "Плечи"],
    "targets": ["Верх", "Передняя дельта"],
    "equipment": ["Гантели", "Скамья"],
    "gif": "assets/images/exercises/Incline_Dumbbell_Fly.gif"
  },
  {
    "id": 9,
    "name_ru": "Разведение гантелей на отрицательной",
    "name_en": "Decline Dumbbell Fly",
    "type": "Изолирующее",
    "groups": ["Грудь", "Плечи"],
    "targets": ["Низ", "Передняя дельта"],
    "equipment": ["Гантели", "Скамья"],
    "gif": "assets/images/exercises/Decline_Dumbbell_Fly.gif"
  },
  {
    "id": 10,
    "name_ru": "Сведение на кроссовере",
    "name_en": "Cable Fly",
    "type": "Изолирующее",
    "groups": ["Грудь", "Плечи"],
    "targets": ["Середина", "Передняя дельта"],
    "equipment": ["Кроссовер"],
    "gif": "assets/images/exercises/Cable_Fly.gif"
  },
  {
    "id": 11,
    "name_ru": "Сведение на кроссовере вверх",
    "name_en": "High Cable Fly",
    "type": "Изолирующее",
    "groups": ["Грудь", "Плечи"],
    "targets": ["Верх", "Передняя дельта"],
    "equipment": ["Кроссовер"],
    "gif": "assets/images/exercises/High_Cable_Fly.gif"
  },
  {
    "id": 12,
    "name_ru": "Сведение на кроссовере вниз",
    "name_en": "Low Cable Fly",
    "type": "Изолирующее",
    "groups": ["Грудь", "Плечи"],
    "targets": ["Низ", "Передняя дельта"],
    "equipment": ["Кроссовер"],
    "gif": "assets/images/exercises/Low_Cable_Fly.gif"
  },
  {
    "id": 13,
    "name_ru": "Отжимания от пола",
    "name_en": "Push-Ups",
    "type": "Базовое",
    "groups": ["Грудь", "Плечи", "Руки"],
    "targets": ["Середина", "Передняя дельта", "Трицепс"],
    "equipment": ["Собственный вес"],
    "gif": "assets/images/exercises/Push_Ups.gif"
  },
  {
    "id": 14,
    "name_ru": "Отжимания узким хватом",
    "name_en": "Close-Grip Push-Ups",
    "type": "Базовое",
    "groups": ["Грудь", "Плечи", "Руки"],
    "targets": ["Середина", "Трицепс", "Передняя дельта"],
    "equipment": ["Собственный вес"],
    "gif": "assets/images/exercises/Close_Grip_Push_Ups.gif"
  },
  {
    "id": 15,
    "name_ru": "Отжимания с широким хватом",
    "name_en": "Wide-Grip Push-Ups",
    "type": "Базовое",
    "groups": ["Грудь", "Плечи"],
    "targets": ["Середина", "Передняя дельта"],
    "equipment": ["Собственный вес"],
    "gif": "assets/images/exercises/Wide_Grip_Push_Ups.gif"
  },
  {
    "id": 16,
    "name_ru": "Отжимания на брусьях",
    "name_en": "Dips",
    "type": "Базовое",
    "groups": ["Грудь", "Плечи", "Руки"],
    "targets": ["Низ", "Передняя дельта", "Трицепс"],
    "equipment": ["Брусья"],
    "gif": "assets/images/exercises/Dips.gif"
  },
  {
    "id": 17,
    "name_ru": "Отжимания на кольцах",
    "name_en": "Ring Dips",
    "type": "Базовое",
    "groups": ["Грудь", "Плечи", "Руки"],
    "targets": ["Низ", "Передняя дельта", "Трицепс"],
    "equipment": ["Гимнастические кольца"],
    "gif": "assets/images/exercises/Ring_Dips.gif"
  },
  {
    "id": 18,
    "name_ru": "Отжимания с хлопком",
    "name_en": "Clap Push-Ups",
    "type": "Взрывное",
    "groups": ["Грудь", "Плечи", "Руки"],
    "targets": ["Середина", "Передняя дельта", "Трицепс"],
    "equipment": ["Собственный вес"],
    "gif": "assets/images/exercises/Clap_Push_Ups.gif"
  },
  {
    "id": 19,
    "name_ru": "Жим в тренажёре",
    "name_en": "Chest Press Machine",
    "type": "Базовое",
    "groups": ["Грудь", "Плечи", "Руки"],
    "targets": ["Середина", "Передняя дельта", "Трицепс"],
    "equipment": ["Тренажёр"],
    "gif": "assets/images/exercises/Chest_Press_Machine.gif"
  },
  {
    "id": 20,
    "name_ru": "Жим в тренажёре под углом",
    "name_en": "Incline Chest Press Machine",
    "type": "Базовое",
    "groups": ["Грудь", "Плечи", "Руки"],
    "targets": ["Верх", "Передняя дельта", "Трицепс"],
    "equipment": ["Тренажёр"],
    "gif": "assets/images/exercises/Incline_Chest_Press_Machine.gif"
  },
  {
    "id": 21,
    "name_ru": "Подтягивания широким хватом",
    "name_en": "Wide-Grip Pull-Ups",
    "type": "Базовое",
    "groups": ["Спина", "Руки"],
    "targets": ["Широчайшие", "Бицепс", "Предплечья"],
    "equipment": ["Турник"],
    "gif": "assets/images/exercises/Wide_Grip_Pull_Ups.gif"
  },
  {
    "id": 22,
    "name_ru": "Подтягивания обратным хватом",
    "name_en": "Chin-Ups",
    "type": "Базовое",
    "groups": ["Спина", "Руки"],
    "targets": ["Широчайшие", "Бицепс", "Предплечья"],
    "equipment": ["Турник"],
    "gif": "assets/images/exercises/Chin_Ups.gif"
  },
  {
    "id": 23,
    "name_ru": "Подтягивания нейтральным хватом",
    "name_en": "Neutral-Grip Pull-Ups",
    "type": "Базовое",
    "groups": ["Спина", "Руки"],
    "targets": ["Широчайшие", "Бицепс", "Предплечья"],
    "equipment": ["Турник"],
    "gif": "assets/images/exercises/Neutral_Grip_Pull_Ups.gif"
  },
  {
    "id": 24,
    "name_ru": "Подтягивания с дополнительным весом",
    "name_en": "Weighted Pull-Ups",
    "type": "Базовое",
    "groups": ["Спина", "Руки"],
    "targets": ["Широчайшие", "Бицепс", "Предплечья"],
    "equipment": ["Турник", "Пояс с отягощением"],
    "gif": "assets/images/exercises/Weighted_Pull_Ups.gif"
  },
  {
    "id": 25,
    "name_ru": "Тяга верхнего блока",
    "name_en": "Lat Pulldown",
    "type": "Базовое",
    "groups": ["Спина", "Руки"],
    "targets": ["Широчайшие", "Бицепс", "Предплечья"],
    "equipment": ["Тренажёр"],
    "gif": "assets/images/exercises/Lat_Pulldown.gif"
  },
  {
    "id": 26,
    "name_ru": "Тяга верхнего блока обратным хватом",
    "name_en": "Reverse-Grip Lat Pulldown",
    "type": "Базовое",
    "groups": ["Спина", "Руки"],
    "targets": ["Широчайшие", "Бицепс", "Предплечья"],
    "equipment": ["Тренажёр"],
    "gif": "assets/images/exercises/Reverse_Grip_Lat_Pulldown.gif"
  },
  {
    "id": 27,
    "name_ru": "Тяга верхнего блока узким хватом",
    "name_en": "Close-Grip Lat Pulldown",
    "type": "Базовое",
    "groups": ["Спина", "Руки"],
    "targets": ["Широчайшие", "Бицепс", "Предплечья"],
    "equipment": ["Тренажёр"],
    "gif": "assets/images/exercises/Close_Grip_Lat_Pulldown.gif"
  },
  {
    "id": 28,
    "name_ru": "Тяга штанги в наклоне",
    "name_en": "Bent-Over Barbell Row",
    "type": "Базовое",
    "groups": ["Спина", "Руки"],
    "targets": ["Широчайшие", "Трапеции", "Бицепс"],
    "equipment": ["Штанга"],
    "gif": "assets/images/exercises/Bent_Over_Barbell_Row.gif"
  },
  {
    "id": 29,
    "name_ru": "Тяга гантели в наклоне",
    "name_en": "One-Arm Dumbbell Row",
    "type": "Базовое",
    "groups": ["Спина", "Руки"],
    "targets": ["Широчайшие", "Трапеции", "Бицепс"],
    "equipment": ["Гантель", "Скамья"],
    "gif": "assets/images/exercises/One_Arm_Dumbbell_Row.gif"
  },
  {
    "id": 30,
    "name_ru": "Тяга Т-грифа",
    "name_en": "T-Bar Row",
    "type": "Базовое",
    "groups": ["Спина", "Руки"],
    "targets": ["Широчайшие", "Трапеции", "Бицепс"],
    "equipment": ["Т-гриф"],
    "gif": "assets/images/exercises/T_Bar_Row.gif"
  },
  {
    "id": 31,
    "name_ru": "Тяга горизонтального блока",
    "name_en": "Seated Cable Row",
    "type": "Базовое",
    "groups": ["Спина", "Руки"],
    "targets": ["Широчайшие", "Трапеции", "Бицепс"],
    "equipment": ["Тренажёр"],
    "gif": "assets/images/exercises/Seated_Cable_Row.gif"
  },
  {
    "id": 32,
    "name_ru": "Тяга к поясу в наклоне с гирей",
    "name_en": "Kettlebell Row",
    "type": "Базовое",
    "groups": ["Спина", "Руки"],
    "targets": ["Широчайшие", "Трапеции", "Бицепс"],
    "equipment": ["Гиря"],
    "gif": "assets/images/exercises/Kettlebell_Row.gif"
  },
  {
    "id": 33,
    "name_ru": "Тяга штанги к подбородку",
    "name_en": "Upright Barbell Row",
    "type": "Базовое",
    "groups": ["Плечи", "Спина", "Руки"],
    "targets": ["Трапеции", "Дельты", "Бицепс"],
    "equipment": ["Штанга"],
    "gif": "assets/images/exercises/Upright_Barbell_Row.gif"
  },
  {
    "id": 34,
    "name_ru": "Тяга гантелей к подбородку",
    "name_en": "Upright Dumbbell Row",
    "type": "Базовое",
    "groups": ["Плечи", "Спина", "Руки"],
    "targets": ["Трапеции", "Дельты", "Бицепс"],
    "equipment": ["Гантели"],
    "gif": "assets/images/exercises/Upright_Dumbbell_Row.gif"
  },
  {
    "id": 35,
    "name_ru": "Пулловер с гантелей",
    "name_en": "Dumbbell Pullover",
    "type": "Изолирующее",
    "groups": ["Грудь", "Спина"],
    "targets": ["Широчайшие", "Грудные"],
    "equipment": ["Гантель", "Скамья"],
    "gif": "assets/images/exercises/Dumbbell_Pullover.gif"
  },
  {
    "id": 36,
    "name_ru": "Пулловер в тренажёре",
    "name_en": "Pullover Machine",
    "type": "Изолирующее",
    "groups": ["Грудь", "Спина"],
    "targets": ["Широчайшие", "Грудные"],
    "equipment": ["Тренажёр"],
    "gif": "assets/images/exercises/Pullover_Machine.gif"
  },
  {
    "id": 37,
    "name_ru": "Тяга нижнего блока к лицу",
    "name_en": "Face Pull",
    "type": "Изолирующее",
    "groups": ["Спина", "Плечи"],
    "targets": ["Задняя дельта", "Трапеции"],
    "equipment": ["Тросовый тренажёр"],
    "gif": "assets/images/exercises/Face_Pull.gif"
  },
  {
    "id": 38,
    "name_ru": "Тяга каната к груди",
    "name_en": "Close-Grip Cable Row",
    "type": "Базовое",
    "groups": ["Спина", "Руки"],
    "targets": ["Широчайшие", "Бицепс", "Предплечья"],
    "equipment": ["Кроссовер"],
    "gif": "assets/images/exercises/Close_Grip_Cable_Row.gif"
  },
  {
    "id": 39,
    "name_ru": "Становая тяга",
    "name_en": "Deadlift",
    "type": "Базовое",
    "groups": ["Спина", "Ноги", "Руки"],
    "targets": ["Разгибатели спины", "Бедра", "Предплечья"],
    "equipment": ["Штанга"],
    "gif": "assets/images/exercises/Deadlift.gif"
  },
  {
    "id": 40,
    "name_ru": "Становая тяга с гантелями",
    "name_en": "Dumbbell Deadlift",
    "type": "Базовое",
    "groups": ["Спина", "Ноги", "Руки"],
    "targets": ["Разгибатели спины", "Бедра", "Предплечья"],
    "equipment": ["Гантели"],
    "gif": "assets/images/exercises/Dumbbell_Deadlift.gif"
  },
  {
    "id": 41,
    "name_ru": "Становая тяга сумо",
    "name_en": "Sumo Deadlift",
    "type": "Базовое",
    "groups": ["Спина", "Ноги", "Руки"],
    "targets": ["Разгибатели спины", "Бедра", "Предплечья"],
    "equipment": ["Штанга"],
    "gif": "assets/images/exercises/Sumo_Deadlift.gif"
  },
  {
    "id": 42,
    "name_ru": "Становая тяга на прямых ногах",
    "name_en": "Stiff-Leg Deadlift",
    "type": "Базовое",
    "groups": ["Спина", "Ноги"],
    "targets": ["Разгибатели спины", "Бедра"],
    "equipment": ["Штанга"],
    "gif": "assets/images/exercises/Stiff_Leg_Deadlift.gif"
  },
  {
    "id": 43,
    "name_ru": "Становая тяга с гирями",
    "name_en": "Kettlebell Deadlift",
    "type": "Базовое",
    "groups": ["Спина", "Ноги"],
    "targets": ["Разгибатели спины", "Бедра"],
    "equipment": ["Гиря"],
    "gif": "assets/images/exercises/Kettlebell_Deadlift.gif"
  },
  {
    "id": 44,
    "name_ru": "Гиперэкстензия",
    "name_en": "Back Extension",
    "type": "Изолирующее",
    "groups": ["Спина"],
    "targets": ["Разгибатели спины"],
    "equipment": ["Гиперэкстензия"],
    "gif": "assets/images/exercises/Back_Extension.gif"
  },
  {
    "id": 45,
    "name_ru": "Гиперэкстензия с весом",
    "name_en": "Weighted Back Extension",
    "type": "Изолирующее",
    "groups": ["Спина"],
    "targets": ["Разгибатели спины"],
    "equipment": ["Гиперэкстензия", "Блин"],
    "gif": "assets/images/exercises/Weighted_Back_Extension.gif"
  },
  {
    "id": 46,
    "name_ru": "Жим штанги стоя",
    "name_en": "Overhead Barbell Press",
    "type": "Базовое",
    "groups": ["Плечи", "Руки"],
    "targets": ["Передняя дельта", "Средняя дельта", "Трицепс"],
    "equipment": ["Штанга"],
    "gif": "assets/images/exercises/Overhead_Barbell_Press.gif"
  },
  {
    "id": 47,
    "name_ru": "Жим гантелей сидя",
    "name_en": "Seated Dumbbell Press",
    "type": "Базовое",
    "groups": ["Плечи", "Руки"],
    "targets": ["Передняя дельта", "Средняя дельта", "Трицепс"],
    "equipment": ["Гантели", "Скамья"],
    "gif": "assets/images/exercises/Seated_Dumbbell_Press.gif"
  },
  {
    "id": 48,
    "name_ru": "Жим гантелей стоя",
    "name_en": "Standing Dumbbell Press",
    "type": "Базовое",
    "groups": ["Плечи", "Руки"],
    "targets": ["Передняя дельта", "Средняя дельта", "Трицепс"],
    "equipment": ["Гантели"],
    "gif": "assets/images/exercises/Standing_Dumbbell_Press.gif"
  },
  {
    "id": 49,
    "name_ru": "Жим Арнольда",
    "name_en": "Arnold Press",
    "type": "Базовое",
    "groups": ["Плечи", "Руки"],
    "targets": ["Передняя дельта", "Средняя дельта", "Трицепс"],
    "equipment": ["Гантели"],
    "gif": "assets/images/exercises/Arnold_Press.gif"
  },
  {
    "id": 50,
    "name_ru": "Жим штанги из-за головы",
    "name_en": "Behind-the-Neck Press",
    "type": "Базовое",
    "groups": ["Плечи", "Руки"],
    "targets": ["Средняя дельта", "Передняя дельта", "Трицепс"],
    "equipment": ["Штанга"],
    "gif": "assets/images/exercises/Behind_the_Neck_Press.gif"
  },
  {
    "id": 51,
    "name_ru": "Жим в тренажёре для плеч",
    "name_en": "Shoulder Press Machine",
    "type": "Базовое",
    "groups": ["Плечи", "Руки"],
    "targets": ["Передняя дельта", "Средняя дельта", "Трицепс"],
    "equipment": ["Тренажёр"],
    "gif": "assets/images/exercises/Shoulder Press Machine.gif"
  },
  {
    "id": 52,
    "name_ru": "Подъём гантелей через стороны",
    "name_en": "Lateral Raise",
    "type": "Изолирующее",
    "groups": ["Плечи"],
    "targets": ["Средняя дельта"],
    "equipment": ["Гантели"],
    "gif": "assets/images/exercises/Lateral Raise.gif"
  },
  {
    "id": 53,
    "name_ru": "Подъём гантелей перед собой",
    "name_en": "Front Raise",
    "type": "Изолирующее",
    "groups": ["Плечи"],
    "targets": ["Передняя дельта"],
    "equipment": ["Гантели"],
    "gif": "assets/images/exercises/Front Raise.gif"
  },
  {
    "id": 54,
    "name_ru": "Подъём гантелей в наклоне",
    "name_en": "Bent-Over Lateral Raise",
    "type": "Изолирующее",
    "groups": ["Плечи"],
    "targets": ["Задняя дельта"],
    "equipment": ["Гантели"],
    "gif": "assets/images/exercises/Bent-Over Lateral Raise.gif"
  },
  {
    "id": 55,
    "name_ru": "Подъём гантелей в стороны в тренажёре",
    "name_en": "Lateral Raise Machine",
    "type": "Изолирующее",
    "groups": ["Плечи"],
    "targets": ["Средняя дельта"],
    "equipment": ["Тренажёр"],
    "gif": "assets/images/exercises/Lateral Raise Machine.gif"
  },
  {
    "id": 56,
    "name_ru": "Подъём гантелей перед собой в тренажёре",
    "name_en": "Front Raise Machine",
    "type": "Изолирующее",
    "groups": ["Плечи"],
    "targets": ["Передняя дельта"],
    "equipment": ["Тренажёр"],
    "gif": "assets/images/exercises/Front Raise Machine.gif"
  },
  {
    "id": 57,
    "name_ru": "Подъём гантелей в наклоне в тренажёре",
    "name_en": "Reverse Pec Deck",
    "type": "Изолирующее",
    "groups": ["Плечи"],
    "targets": ["Задняя дельта"],
    "equipment": ["Тренажёр"],
    "gif": "assets/images/exercises/Reverse Pec Deck.gif"
  },
  {
    "id": 58,
    "name_ru": "Жим штанги на наклонной скамье под углом 80°",
    "name_en": "High Incline Barbell Press",
    "type": "Базовое",
    "groups": ["Плечи", "Грудь", "Руки"],
    "targets": ["Передняя дельта", "Верх груди", "Трицепс"],
    "equipment": ["Штанга", "Скамья"],
    "gif": "assets/images/exercises/High Incline Barbell Press.gif"
  },
  {
    "id": 59,
    "name_ru": "Жим гантелей на наклонной скамье под углом 80°",
    "name_en": "High Incline Dumbbell Press",
    "type": "Базовое",
    "groups": ["Плечи", "Грудь", "Руки"],
    "targets": ["Передняя дельта", "Верх груди", "Трицепс"],
    "equipment": ["Гантели", "Скамья"],
    "gif": "assets/images/exercises/High Incline Dumbbell Press.gif"
  },
  {
    "id": 60,
    "name_ru": "Тяга штанги к подбородку",
    "name_en": "Upright Barbell Row",
    "type": "Базовое",
    "groups": ["Плечи", "Спина", "Руки"],
    "targets": ["Трапеции", "Дельты", "Бицепс"],
    "equipment": ["Штанга"],
    "gif": "assets/images/exercises/Upright Barbell Row.gif"
  },
  {
    "id": 61,
    "name_ru": "Тяга гантелей к подбородку",
    "name_en": "Upright Dumbbell Row",
    "type": "Базовое",
    "groups": ["Плечи", "Спина", "Руки"],
    "targets": ["Трапеции", "Дельты", "Бицепс"],
    "equipment": ["Гантели"],
    "gif": "assets/images/exercises/Upright Dumbbell Row.gif"
  },
  {
    "id": 62,
    "name_ru": "Подъём гирь через стороны",
    "name_en": "Kettlebell Lateral Raise",
    "type": "Изолирующее",
    "groups": ["Плечи"],
    "targets": ["Средняя дельта"],
    "equipment": ["Гиря"],
    "gif": "assets/images/exercises/Kettlebell Lateral Raise.gif"
  },
  {
    "id": 63,
    "name_ru": "Подъём гирь перед собой",
    "name_en": "Kettlebell Front Raise",
    "type": "Изолирующее",
    "groups": ["Плечи"],
    "targets": ["Передняя дельта"],
    "equipment": ["Гиря"],
    "gif": "assets/images/exercises/Kettlebell Front Raise.gif"
  },
  {
    "id": 64,
    "name_ru": "Жим гирь стоя",
    "name_en": "Kettlebell Press",
    "type": "Базовое",
    "groups": ["Плечи", "Руки"],
    "targets": ["Передняя дельта", "Средняя дельта", "Трицепс"],
    "equipment": ["Гиря"],
    "gif": "assets/images/exercises/Kettlebell Press.gif"
  },
  {
    "id": 65,
    "name_ru": "Жим гирь сидя",
    "name_en": "Seated Kettlebell Press",
    "type": "Базовое",
    "groups": ["Плечи", "Руки"],
    "targets": ["Передняя дельта", "Средняя дельта", "Трицепс"],
    "equipment": ["Гиря", "Скамья"],
    "gif": "assets/images/exercises/Seated Kettlebell Press.gif"
  },
  {
    "id": 66,
    "name_ru": "Подъём штанги на грудь и толчок",
    "name_en": "Push Press",
    "type": "Базовое",
    "groups": ["Плечи", "Руки", "Ноги"],
    "targets": ["Передняя дельта", "Средняя дельта", "Трицепс"],
    "equipment": ["Штанга"],
    "gif": "assets/images/exercises/Push Press.gif"
  },
  {
    "id": 67,
    "name_ru": "Подъём штанги на бицепс",
    "name_en": "Barbell Curl",
    "type": "Изолирующее",
    "groups": ["Руки"],
    "targets": ["Бицепс"],
    "equipment": ["Штанга"],
    "gif": "assets/images/exercises/Barbell Curl.gif"
  },
  {
    "id": 68,
    "name_ru": "Подъём гантелей на бицепс",
    "name_en": "Dumbbell Curl",
    "type": "Изолирующее",
    "groups": ["Руки"],
    "targets": ["Бицепс"],
    "equipment": ["Гантели"],
    "gif": "assets/images/exercises/Dumbbell Curl.gif"
  },
  {
    "id": 69,
    "name_ru": "Подъём гантелей на бицепс поочерёдно",
    "name_en": "Alternating Dumbbell Curl",
    "type": "Изолирующее",
    "groups": ["Руки"],
    "targets": ["Бицепс"],
    "equipment": ["Гантели"],
    "gif": "assets/images/exercises/Alternating Dumbbell Curl.gif"
  },
  {
    "id": 70,
    "name_ru": "Подъём гантелей молотковым хватом",
    "name_en": "Hammer Curl",
    "type": "Изолирующее",
    "groups": ["Руки"],
    "targets": ["Бицепс", "Брахиалис", "Предплечья"],
    "equipment": ["Гантели"],
    "gif": "assets/images/exercises/Hammer Curl.gif"
  },
  {
    "id": 71,
    "name_ru": "Подъём штанги на скамье Скотта",
    "name_en": "Preacher Curl",
    "type": "Изолирующее",
    "groups": ["Руки"],
    "targets": ["Бицепс"],
    "equipment": ["Штанга", "Скамья Скотта"],
    "gif": "assets/images/exercises/Preacher Curl.gif"
  },
  {
    "id": 72,
    "name_ru": "Подъём гантелей на скамье Скотта",
    "name_en": "Preacher Dumbbell Curl",
    "type": "Изолирующее",
    "groups": ["Руки"],
    "targets": ["Бицепс"],
    "equipment": ["Гантели", "Скамья Скотта"],
    "gif": "assets/images/exercises/Preacher Dumbbell Curl.gif"
  },
  {
    "id": 73,
    "name_ru": "Концентрированный подъём на бицепс",
    "name_en": "Concentration Curl",
    "type": "Изолирующее",
    "groups": ["Руки"],
    "targets": ["Бицепс"],
    "equipment": ["Гантель"],
    "gif": "assets/images/exercises/Concentration Curl.gif"
  },
  {
    "id": 74,
    "name_ru": "Подъём EZ-штанги на бицепс",
    "name_en": "EZ Bar Curl",
    "type": "Изолирующее",
    "groups": ["Руки"],
    "targets": ["Бицепс"],
    "equipment": ["EZ-штанга"],
    "gif": "assets/images/exercises/EZ Bar Curl.gif"
  },
  {
    "id": 75,
    "name_ru": "Подъём на бицепс в тренажёре",
    "name_en": "Biceps Curl Machine",
    "type": "Изолирующее",
    "groups": ["Руки"],
    "targets": ["Бицепс"],
    "equipment": ["Тренажёр"],
    "gif": "assets/images/exercises/Biceps Curl Machine.gif"
  },
  {
    "id": 76,
    "name_ru": "Подъём на бицепс на блоке",
    "name_en": "Cable Curl",
    "type": "Изолирующее",
    "groups": ["Руки"],
    "targets": ["Бицепс"],
    "equipment": ["Кроссовер"],
    "gif": "assets/images/exercises/Cable Curl.gif"
  },
  {
    "id": 77,
    "name_ru": "Подъём каната на бицепс",
    "name_en": "Rope Cable Curl",
    "type": "Изолирующее",
    "groups": ["Руки"],
    "targets": ["Бицепс", "Предплечья"],
    "equipment": ["Кроссовер"],
    "gif": "assets/images/exercises/Rope Cable Curl.gif"
  },
  {
    "id": 78,
    "name_ru": "Разгибания штанги лёжа",
    "name_en": "Lying Barbell Triceps Extension",
    "type": "Изолирующее",
    "groups": ["Руки"],
    "targets": ["Трицепс"],
    "equipment": ["Штанга", "Скамья"],
    "gif": "assets/images/exercises/Lying Barbell Triceps Extension.gif"
  },
  {
    "id": 79,
    "name_ru": "Разгибания EZ-штанги лёжа",
    "name_en": "Lying EZ Bar Triceps Extension",
    "type": "Изолирующее",
    "groups": ["Руки"],
    "targets": ["Трицепс"],
    "equipment": ["EZ-штанга", "Скамья"],
    "gif": "assets/images/exercises/Lying EZ Bar Triceps Extension.gif"
  },
  {
    "id": 80,
    "name_ru": "Разгибания гантелей лёжа",
    "name_en": "Lying Dumbbell Triceps Extension",
    "type": "Изолирующее",
    "groups": ["Руки"],
    "targets": ["Трицепс"],
    "equipment": ["Гантели", "Скамья"],
    "gif": "assets/images/exercises/Lying Dumbbell Triceps Extension.gif"
  },
  {
    "id": 81,
    "name_ru": "Разгибания рук с гантелей из-за головы",
    "name_en": "Overhead Dumbbell Extension",
    "type": "Изолирующее",
    "groups": ["Руки"],
    "targets": ["Трицепс"],
    "equipment": ["Гантель"],
    "gif": "assets/images/exercises/Overhead Dumbbell Extension.gif"
  },
  {
    "id": 82,
    "name_ru": "Разгибания рук с штангой из-за головы",
    "name_en": "Overhead Barbell Extension",
    "type": "Изолирующее",
    "groups": ["Руки"],
    "targets": ["Трицепс"],
    "equipment": ["Штанга"],
    "gif": "assets/images/exercises/Overhead Barbell Extension.gif"
  },
  {
    "id": 83,
    "name_ru": "Разгибания рук на блоке",
    "name_en": "Triceps Pushdown",
    "type": "Изолирующее",
    "groups": ["Руки"],
    "targets": ["Трицепс"],
    "equipment": ["Кроссовер"],
    "gif": "assets/images/exercises/Triceps Pushdown.gif"
  },
  {
    "id": 84,
    "name_ru": "Разгибания рук с канатом на блоке",
    "name_en": "Rope Triceps Pushdown",
    "type": "Изолирующее",
    "groups": ["Руки"],
    "targets": ["Трицепс"],
    "equipment": ["Кроссовер"],
    "gif": "assets/images/exercises/Rope Triceps Pushdown.gif"
  },
  {
    "id": 85,
    "name_ru": "Разгибания рук на верхнем блоке одной рукой",
    "name_en": "One-Arm Cable Triceps Extension",
    "type": "Изолирующее",
    "groups": ["Руки"],
    "targets": ["Трицепс"],
    "equipment": ["Кроссовер"],
    "gif": "assets/images/exercises/One-Arm Cable Triceps Extension.gif"
  },
  {
    "id": 86,
    "name_ru": "Алмазные отжимания",
    "name_en": "Diamond Push-Ups",
    "type": "Базовое",
    "groups": ["Грудь", "Руки"],
    "targets": ["Трицепс", "Грудные"],
    "equipment": ["Собственный вес"],
    "gif": "assets/images/exercises/Diamond Push-Ups.gif"
  },
  {
    "id": 87,
    "name_ru": "Отжимания на брусьях",
    "name_en": "Dips",
    "type": "Базовое",
    "groups": ["Грудь", "Руки"],
    "targets": ["Трицепс", "Грудные"],
    "equipment": ["Брусья"],
    "gif": "assets/images/exercises/Dips.gif"
  },
  {
    "id": 88,
    "name_ru": "Отжимания на брусьях с весом",
    "name_en": "Weighted Dips",
    "type": "Базовое",
    "groups": ["Грудь", "Руки"],
    "targets": ["Трицепс", "Грудные"],
    "equipment": ["Брусья", "Пояс с отягощением"],
    "gif": "assets/images/exercises/Weighted Dips.gif"
  },
  {
    "id": 89,
    "name_ru": "Сгибания запястий с штангой",
    "name_en": "Wrist Curl",
    "type": "Изолирующее",
    "groups": ["Руки"],
    "targets": ["Предплечья"],
    "equipment": ["Штанга"],
    "gif": "assets/images/exercises/Wrist Curl.gif"
  },
  {
    "id": 90,
    "name_ru": "Сгибания запястий с гантелями",
    "name_en": "Dumbbell Wrist Curl",
    "type": "Изолирующее",
    "groups": ["Руки"],
    "targets": ["Предплечья"],
    "equipment": ["Гантели"],
    "gif": "assets/images/exercises/Dumbbell Wrist Curl.gif"
  },
  {
    "id": 91,
    "name_ru": "Разгибания запястий с штангой",
    "name_en": "Reverse Wrist Curl",
    "type": "Изолирующее",
    "groups": ["Руки"],
    "targets": ["Предплечья"],
    "equipment": ["Штанга"],
    "gif": "assets/images/exercises/Reverse Wrist Curl.gif"
  },
  {
    "id": 92,
    "name_ru": "Разгибания запястий с гантелями",
    "name_en": "Reverse Dumbbell Wrist Curl",
    "type": "Изолирующее",
    "groups": ["Руки"],
    "targets": ["Предплечья"],
    "equipment": ["Гантели"],
    "gif": "assets/images/exercises/Reverse Dumbbell Wrist Curl.gif"
  },
  {
    "id": 93,
    "name_ru": "Пронация/супинация предплечья",
    "name_en": "Pronation/Supination",
    "type": "Изолирующее",
    "groups": ["Руки"],
    "targets": ["Предплечья"],
    "equipment": ["Гантели"],
    "gif": "assets/images/exercises/Pronation/Supination.gif"
  },
  {
    "id": 94,
    "name_ru": "Скручивания на полу",
    "name_en": "Crunch",
    "type": "Изолирующее",
    "groups": ["Пресс"],
    "targets": ["Верхняя часть пресса"],
    "equipment": ["Собственный вес"],
    "gif": "assets/images/exercises/Crunch.gif"
  },
  {
    "id": 95,
    "name_ru": "Обратные скручивания",
    "name_en": "Reverse Crunch",
    "type": "Изолирующее",
    "groups": ["Пресс"],
    "targets": ["Нижняя часть пресса"],
    "equipment": ["Собственный вес"],
    "gif": "assets/images/exercises/Reverse Crunch.gif"
  },
  {
    "id": 96,
    "name_ru": "Подъём ног лёжа",
    "name_en": "Leg Raise",
    "type": "Изолирующее",
    "groups": ["Пресс"],
    "targets": ["Нижняя часть пресса"],
    "equipment": ["Собственный вес"],
    "gif": "assets/images/exercises/Leg Raise.gif"
  },
  {
    "id": 97,
    "name_ru": "Подъём ног в висе",
    "name_en": "Hanging Leg Raise",
    "type": "Изолирующее",
    "groups": ["Пресс"],
    "targets": ["Нижняя часть пресса"],
    "equipment": ["Турник"],
    "gif": "assets/images/exercises/Hanging Leg Raise.gif"
  },
  {
    "id": 98,
    "name_ru": "Подъём коленей в висе",
    "name_en": "Hanging Knee Raise",
    "type": "Изолирующее",
    "groups": ["Пресс"],
    "targets": ["Нижняя часть пресса"],
    "equipment": ["Турник"],
    "gif": "assets/images/exercises/Hanging Knee Raise.gif"
  },
  {
    "id": 99,
    "name_ru": "Скручивания на скамье с наклоном",
    "name_en": "Decline Bench Crunch",
    "type": "Изолирующее",
    "groups": ["Пресс"],
    "targets": ["Верхняя часть пресса"],
    "equipment": ["Скамья"],
    "gif": "assets/images/exercises/Decline Bench Crunch.gif"
  },
  {
    "id": 100,
    "name_ru": "Русский твист",
    "name_en": "Russian Twist",
    "type": "Изолирующее",
    "groups": ["Корпус"],
    "targets": ["Косые мышцы живота"],
    "equipment": ["Медицинский мяч", "Гантеля", "Собственный вес"],
    "gif": "assets/images/exercises/Russian Twist.gif"
  },
  {
    "id": 101,
    "name_ru": "Планка",
    "name_en": "Plank",
    "type": "Изометрическое",
    "groups": ["Корпус"],
    "targets": ["Поперечная мышца живота", "Стабилизаторы"],
    "equipment": ["Собственный вес"],
    "gif": "assets/images/exercises/Plank.gif"
  },
  {
    "id": 102,
    "name_ru": "Боковая планка",
    "name_en": "Side Plank",
    "type": "Изометрическое",
    "groups": ["Корпус"],
    "targets": ["Косые мышцы живота", "Стабилизаторы"],
    "equipment": ["Собственный вес"],
    "gif": "assets/images/exercises/Side Plank.gif"
  },
  {
    "id": 103,
    "name_ru": "Планка с подъёмом ноги",
    "name_en": "Plank with Leg Raise",
    "type": "Изометрическое",
    "groups": ["Корпус"],
    "targets": ["Поперечная мышца живота", "Стабилизаторы"],
    "equipment": ["Собственный вес"],
    "gif": "assets/images/exercises/Plank with Leg Raise.gif"
  },
  {
    "id": 104,
    "name_ru": "Велосипед",
    "name_en": "Bicycle Crunch",
    "type": "Изолирующее",
    "groups": ["Пресс", "Корпус"],
    "targets": ["Верхняя часть пресса", "Косые мышцы"],
    "equipment": ["Собственный вес"],
    "gif": "assets/images/exercises/Bicycle Crunch.gif"
  },
  {
    "id": 105,
    "name_ru": "Косые скручивания",
    "name_en": "Oblique Crunch",
    "type": "Изолирующее",
    "groups": ["Пресс", "Корпус"],
    "targets": ["Косые мышцы живота"],
    "equipment": ["Собственный вес"],
    "gif": "assets/images/exercises/Oblique Crunch.gif"
  },
  {
    "id": 106,
    "name_ru": "Дракон флаг",
    "name_en": "Dragon Flag",
    "type": "Базовое",
    "groups": ["Пресс", "Корпус"],
    "targets": ["Верхняя и нижняя часть пресса"],
    "equipment": ["Скамья"],
    "gif": "assets/images/exercises/Dragon Flag.gif"
  },
  {
    "id": 107,
    "name_ru": "Колесо для пресса",
    "name_en": "Ab Wheel Rollout",
    "type": "Базовое",
    "groups": ["Пресс", "Корпус"],
    "targets": ["Прямые мышцы", "Поперечная мышца живота"],
    "equipment": ["Колесо для пресса"],
    "gif": "assets/images/exercises/Ab Wheel Rollout.gif"
  },
  {
    "id": 108,
    "name_ru": "Подъём туловища на римском стуле",
    "name_en": "Back Extension Roman Chair",
    "type": "Базовое",
    "groups": ["Спина", "Корпус"],
    "targets": ["Разгибатели спины", "Ягодицы"],
    "equipment": ["Римский стул"],
    "gif": "assets/images/exercises/Back Extension Roman Chair.gif"
  },
  {
    "id": 109,
    "name_ru": "V-скручивания",
    "name_en": "V-Up",
    "type": "Базовое",
    "groups": ["Пресс"],
    "targets": ["Верхняя и нижняя часть пресса"],
    "equipment": ["Собственный вес"],
    "gif": "assets/images/exercises/V-Up.gif"
  },
  {
    "id": 110,
    "name_ru": "Касания пяток",
    "name_en": "Heel Touch",
    "type": "Изолирующее",
    "groups": ["Пресс"],
    "targets": ["Косые мышцы живота"],
    "equipment": ["Собственный вес"],
    "gif": "assets/images/exercises/Heel Touch.gif"
  },
  {
    "id": 111,
    "name_ru": "Повороты корпуса с грифом",
    "name_en": "Bar Twist",
    "type": "Изолирующее",
    "groups": ["Корпус"],
    "targets": ["Косые мышцы живота"],
    "equipment": ["Гриф"],
    "gif": "assets/images/exercises/Bar Twist.gif"
  },
  {
    "id": 112,
    "name_ru": "Берпи",
    "name_en": "Burpee",
    "type": "Функциональное",
    "groups": ["Всё тело"],
    "targets": ["Ноги", "Руки", "Корпус"],
    "equipment": ["Собственный вес"],
    "gif": "assets/images/exercises/Burpee.gif"
  },
  {
    "id": 113,
    "name_ru": "Берпи с прыжком на тумбу",
    "name_en": "Burpee Box Jump",
    "type": "Функциональное",
    "groups": ["Всё тело"],
    "targets": ["Ноги", "Руки", "Корпус"],
    "equipment": ["Плиометрическая тумба"],
    "gif": "assets/images/exercises/Burpee Box Jump.gif"
  },
  {
    "id": 114,
    "name_ru": "Прыжки на тумбу",
    "name_en": "Box Jump",
    "type": "Функциональное",
    "groups": ["Ноги"],
    "targets": ["Квадрицепсы", "Ягодицы", "Икры"],
    "equipment": ["Плиометрическая тумба"],
    "gif": "assets/images/exercises/Box Jump.gif"
  },
  {
    "id": 115,
    "name_ru": "Прыжки через скакалку",
    "name_en": "Jump Rope",
    "type": "Кардио",
    "groups": ["Всё тело"],
    "targets": ["Кардио", "Координация"],
    "equipment": ["Скакалка"],
    "gif": "assets/images/exercises/Jump Rope.gif"
  },
  {
    "id": 116,
    "name_ru": "Альпинист",
    "name_en": "Mountain Climber",
    "type": "Функциональное",
    "groups": ["Всё тело"],
    "targets": ["Пресс", "Плечи", "Ноги"],
    "equipment": ["Собственный вес"],
    "gif": "assets/images/exercises/Mountain Climber.gif"
  },
  {
    "id": 117,
    "name_ru": "Тяга гири к подбородку",
    "name_en": "Kettlebell High Pull",
    "type": "Функциональное",
    "groups": ["Всё тело"],
    "targets": ["Плечи", "Спина", "Ноги"],
    "equipment": ["Гиря"],
    "gif": "assets/images/exercises/Kettlebell High Pull.gif"
  },
  {
    "id": 118,
    "name_ru": "Свинг гирей",
    "name_en": "Kettlebell Swing",
    "type": "Функциональное",
    "groups": ["Всё тело"],
    "targets": ["Ягодицы", "Бицепс бедра", "Плечи"],
    "equipment": ["Гиря"],
    "gif": "assets/images/exercises/Kettlebell Swing.gif"
  },
  {
    "id": 119,
    "name_ru": "Турецкий подъём",
    "name_en": "TGU (Turkish Get-Up)",
    "type": "Функциональное",
    "groups": ["Всё тело"],
    "targets": ["Плечи", "Пресс", "Ноги"],
    "equipment": ["Гиря"],
    "gif": "assets/images/exercises/TGU (Turkish Get-Up).gif"
  },
  {
    "id": 120,
    "name_ru": "Толчок штанги",
    "name_en": "Push Jerk",
    "type": "Функциональное",
    "groups": ["Всё тело"],
    "targets": ["Плечи", "Трицепс", "Ноги"],
    "equipment": ["Штанга"],
    "gif": "assets/images/exercises/Push Jerk.gif"
  },
  {
    "id": 121,
    "name_ru": "Рывок штанги",
    "name_en": "Snatch",
    "type": "Функциональное",
    "groups": ["Всё тело"],
    "targets": ["Плечи", "Спина", "Ноги"],
    "equipment": ["Штанга"],
    "gif": "assets/images/exercises/Snatch.gif"
  },
  {
    "id": 122,
    "name_ru": "Рывок гири",
    "name_en": "Kettlebell Snatch",
    "type": "Функциональное",
    "groups": ["Всё тело"],
    "targets": ["Плечи", "Спина", "Ноги"],
    "equipment": ["Гиря"],
    "gif": "assets/images/exercises/Kettlebell Snatch.gif"
  },
  {
    "id": 123,
    "name_ru": "Гребля на тренажёре",
    "name_en": "Rowing Machine",
    "type": "Кардио",
    "groups": ["Всё тело"],
    "targets": ["Спина", "Ноги", "Руки"],
    "equipment": ["Гребной тренажёр"],
    "gif": "assets/images/exercises/Rowing Machine.gif"
  },
  {
    "id": 124,
    "name_ru": "Атакующая велотренировка",
    "name_en": "Assault Bike",
    "type": "Кардио",
    "groups": ["Всё тело"],
    "targets": ["Кардио", "Ноги", "Руки"],
    "equipment": ["Велотренажёр"],
    "gif": "assets/images/exercises/Assault Bike.gif"
  },
  {
    "id": 125,
    "name_ru": "Спринт",
    "name_en": "Sprint",
    "type": "Кардио",
    "groups": ["Всё тело"],
    "targets": ["Кардио", "Ноги"],
    "equipment": ["Беговая дорожка", "Стадион"],
    "gif": "assets/images/exercises/Sprint.gif"
  },
  {
    "id": 126,
    "name_ru": "Бег на месте",
    "name_en": "Running in Place",
    "type": "Кардио",
    "groups": ["Всё тело"],
    "targets": ["Кардио", "Ноги"],
    "equipment": ["Собственный вес"],
    "gif": "assets/images/exercises/Running in Place.gif"
  },
  {
    "id": 127,
    "name_ru": "Подтягивания с хлопком",
    "name_en": "Clap Pull-Up",
    "type": "Функциональное",
    "groups": ["Всё тело"],
    "targets": ["Спина", "Руки", "Корпус"],
    "equipment": ["Турник"],
    "gif": "assets/images/exercises/Clap Pull-Up.gif"
  },
  {
    "id": 128,
    "name_ru": "Отжимания с хлопком",
    "name_en": "Clap Push-Up",
    "type": "Функциональное",
    "groups": ["Всё тело"],
    "targets": ["Грудь", "Трицепс", "Пресс"],
    "equipment": ["Собственный вес"],
    "gif": "assets/images/exercises/Clap Push-Up.gif"
  },
  {
    "id": 129,
    "name_ru": "Чередующиеся выпрыгивания",
    "name_en": "Alternating Jump Lunge",
    "type": "Функциональное",
    "groups": ["Ноги"],
    "targets": ["Квадрицепсы", "Ягодицы", "Икры"],
    "equipment": ["Собственный вес"],
    "gif": "assets/images/exercises/Alternating Jump Lunge.gif"
  },
  {
    "id": 130,
    "name_ru": "Скейт-джамп",
    "name_en": "Skater Jump",
    "type": "Функциональное",
    "groups": ["Ноги"],
    "targets": ["Ягодицы", "Квадрицепсы", "Икры"],
    "equipment": ["Собственный вес"],
    "gif": "assets/images/exercises/Skater Jump.gif"
  },
  {
    "id": 131,
    "name_ru": "Гребной бурпи",
    "name_en": "Rowing Burpee",
    "type": "Функциональное",
    "groups": ["Всё тело"],
    "targets": ["Спина", "Ноги", "Руки"],
    "equipment": ["Собственный вес", "Гребной тренажёр"],
    "gif": "assets/images/exercises/Rowing_Burpee.gif"
  }
]