[
  {
    "id": 1,
    "name_ru": "Жим штанги лёжа",
    "name_en": "Barbell Bench Press",
    "type": "Базовое",
    "groups": ["Грудь", "Плечи", "Руки"],
    "targets": ["Середина", "Передняя дельта", "Трицепс"],
    "equipment": ["Штанга", "Скамья"],
    "gif": "assets/images/exercises/bench_press.gif"
  },
{
  "id": 2,
  "name_ru": "Жим ногами в тренажере",
  "name_en": "Leg Press",
  "type": "Базовое",
  "groups": ["Ноги"],
  "targets": ["Квадрицепсы", "Ягодицы", "Бицепс бедра"],
  "equipment": ["Тренажер для жима ногами"],
  "gif": "assets/images/exercises/leg_press.gif"
},
{
  "id": 3,
  "name_ru": "Гиперэкстензия",
  "name_en": "Hyperextension",
  "type": "Базовое",
  "groups": ["Спина", "Ноги"],
  "targets": ["Нижняя часть спины", "Ягодицы", "Бицепс бедра"],
  "equipment": ["Тренажер для гиперэкстензии", "Скамья"],
  "gif": "assets/images/exercises/hyperextension.gif"
},
{
  "id": 4,
  "name_ru": "Разгибание рук на трицепс канатом",
  "name_en": "Triceps Pushdown with Rope",
  "type": "Изолирующее",
  "groups": ["Руки"],
  "targets": ["Трицепс"],
  "equipment": ["Блочный тренажер", "Канат"],
  "gif": "assets/images/exercises/triceps_rope_pushdown.gif"
},
{
  "id": 5,
  "name_ru": "Тяга гантели к поясу на скамье",
  "name_en": "Dumbbell Bent Over Row",
  "type": "Базовое",
  "groups": ["Спина", "Руки"],
  "targets": ["Широчайшие мышцы спины", "Ромбовидные мышцы", "Бицепс"],
  "equipment": ["Гантель", "Скамья"],
  "gif": "assets/images/exercises/dumbbell_row.gif"
},
{
  "id": 6,
  "name_ru": "Подтягивание широким хватом в гравитоне",
  "name_en": "Wide Grip Pull-up in Graviton",
  "type": "Базовое",
  "groups": ["Спина", "Руки"],
  "targets": ["Широчайшие мышцы спины", "Бицепс", "Предплечья"],
  "equipment": ["Гравитрон", "Турник"],
  "gif": "assets/images/exercises/graviton_pull_up.gif"
},
{
  "id": 7,
  "name_ru": "Отжимания на брусьях в гравитоне",
  "name_en": "Dips in Graviton",
  "type": "Базовое",
  "groups": ["Грудь", "Плечи", "Руки"],
  "targets": ["Нижняя часть груди", "Трицепс", "Передняя дельта"],
  "equipment": ["Гравитрон", "Брусья"],
  "gif": "assets/images/exercises/graviton_dips.gif"
},
{
  "id": 8,
  "name_ru": "Подтягивание параллельным хватом в гравитоне",
  "name_en": "Parallel Grip Pull-up in Graviton",
  "type": "Базовое",
  "groups": ["Спина", "Руки"],
  "targets": ["Широчайшие мышцы спины", "Бицепс", "Предплечья"],
  "equipment": ["Гравитрон", "Турник"],
  "gif": "assets/images/exercises/parallel_pull_up.gif"
},
  {
    "id": 9,
    "name_ru": "Жим гантелей лёжа",
    "name_en": "Dumbbell Bench Press",
    "type": "Базовое",
    "groups": ["Грудь", "Плечи", "Руки"],
    "targets": ["Середина", "Передняя дельта", "Трицепс"],
    "equipment": ["Гантели", "Скамья"],
    "gif": "assets/images/exercises/Dumbbell_Bench_Press.gif"
  },
{
  "id": 10,
  "name_ru": "Сведение рук на согнутых руках в тренажере",
  "name_en": "Bent Arm Machine Fly",
  "type": "Изолирующее",
  "groups": ["Грудь"],
  "targets": ["Внутренняя часть груди", "Середина груди"],
  "equipment": ["Тренажер для сведения рук"],
  "gif": "assets/images/exercises/bent_arm_machine_fly.gif"
},
{
  "id": 11,
  "name_ru": "Сгибание рук на бицепс молотковым хватом",
  "name_en": "Hammer Curl",
  "type": "Изолирующее",
  "groups": ["Руки"],
  "targets": ["Бицепс", "Плечевая мышца", "Предплечья"],
  "equipment": ["Гантели"],
  "gif": "assets/images/exercises/hammer_curl.gif"
},
{
  "id": 12,
  "name_ru": "Жим штанги на наклонной скамье",
  "name_en": "Incline Barbell Bench Press",
  "type": "Базовое",
  "groups": ["Грудь", "Плечи", "Руки"],
  "targets": ["Верх груди", "Передняя дельта", "Трицепс"],
  "equipment": ["Штанга", "Наклонная скамья"],
  "gif": "assets/images/exercises/incline_bench_press.gif"
},
  {
    "id": 13,
    "name_ru": "Жим гантелей на наклонной",
    "name_en": "Incline Dumbbell Press",
    "type": "Базовое",
    "groups": ["Грудь", "Плечи", "Руки"],
    "targets": ["Верх", "Передняя дельта", "Трицепс"],
    "equipment": ["Гантели", "Скамья"],
    "gif": "assets/images/exercises/Incline_Barbell_Press.gif"
  },
    {
    "id": 14,
    "name_ru": "Разведение гантелей на отрицательной",
    "name_en": "Decline Dumbbell Fly",
    "type": "Изолирующее",
    "groups": ["Грудь", "Плечи"],
    "targets": ["Низ", "Передняя дельта"],
    "equipment": ["Гантели", "Скамья"],
    "gif": "assets/images/exercises/Decline_Dumbbell_Fly.gif"
  },
    {
    "id": 15,
    "name_ru": "Жим штанги на отрицательной скамье",
    "name_en": "Decline Barbell Bench Press",
    "type": "Базовое",
    "groups": ["Грудь", "Плечи", "Руки"],
    "targets": ["Низ", "Передняя дельта", "Трицепс"],
    "equipment": ["Штанга", "Скамья"],
    "gif": "assets/images/exercises/Decline_Barbell_Bench_Press.gif"
  },
  {
    "id": 16,
    "name_ru": "Жим гантелей на отрицательной скамье",
    "name_en": "Decline Dumbbell Press",
    "type": "Базовое",
    "groups": ["Грудь", "Плечи", "Руки"],
    "targets": ["Низ", "Передняя дельта", "Трицепс"],
    "equipment": ["Гантели", "Скамья"],
    "gif": "assets/images/exercises/Decline_Dumbbell_Press.gif"
  },
  {
    "id": 17,
    "name_ru": "Разведение гантелей лёжа",
    "name_en": "Dumbbell Fly",
    "type": "Изолирующее",
    "groups": ["Грудь", "Плечи"],
    "targets": ["Середина", "Передняя дельта"],
    "equipment": ["Гантели", "Скамья"],
    "gif": "assets/images/exercises/Dumbbell_Fly.gif"
  },
  {
    "id": 18,
    "name_ru": "Разведение гантелей на наклонной",
    "name_en": "Incline Dumbbell Fly",
    "type": "Изолирующее",
    "groups": ["Грудь", "Плечи"],
    "targets": ["Верх", "Передняя дельта"],
    "equipment": ["Гантели", "Скамья"],
    "gif": "assets/images/exercises/Incline_Dumbbell_Fly.gif"
  },
    {
    "id": 19,
    "name_ru": "Сведение на кроссовере",
    "name_en": "Cable Fly",
    "type": "Изолирующее",
    "groups": ["Грудь", "Плечи"],
    "targets": ["Середина", "Передняя дельта"],
    "equipment": ["Кроссовер"],
    "gif": "assets/images/exercises/Cable_Fly.gif"
  },
{
  "id": 20,
  "name_ru": "Сведение на кроссовере вверх",
  "name_en": "Cable Crossover Up",
  "type": "Изолирующее",
  "groups": ["Грудь"],
  "targets": ["Верх груди", "Середина груди"],
  "equipment": ["Кроссовер", "Ручки"],
  "gif": "assets/images/exercises/cable_crossover_up.gif"
},
{
  "id": 21,
  "name_ru": "Сведение на кроссовере вниз",
  "name_en": "High to Low Cable Crossover",
  "type": "Изолирующее",
  "groups": ["Грудь"],
  "targets": ["Низ груди", "Середина груди"],
  "equipment": ["Кроссовер", "Ручки"],
  "gif": "assets/images/exercises/high_to_low_cable_crossover.gif"
},
{
  "id": 22,
  "name_ru": "Отжимания от пола",
  "name_en": "Push-ups",
  "type": "Базовое",
  "groups": ["Грудь", "Плечи", "Руки"],
  "targets": ["Середина груди", "Передняя дельта", "Трицепс"],
  "equipment": ["Пол"],
  "gif": "assets/images/exercises/push_ups.gif"
},
{
  "id": 23,
  "name_ru": "Отжимания узким хватом",
  "name_en": "Close Grip Push-ups",
  "type": "Базовое",
  "groups": ["Грудь", "Плечи", "Руки"],
  "targets": ["Трицепс", "Середина груди", "Передняя дельта"],
  "equipment": ["Пол"],
  "gif": "assets/images/exercises/close_grip_push_ups.gif"
},
{
  "id": 24,
  "name_ru": "Гребной бурпи",
  "name_en": "Row Burpee",
  "type": "Базовое",
  "groups": ["Ноги", "Спина", "Плечи", "Руки"],
  "targets": ["Квадрицепсы", "Широчайшие мышцы спины", "Плечи", "Трицепс"],
  "equipment": ["Гантели", "Пол"],
  "gif": "assets/images/exercises/row_burpee.gif"
},
{
  "id": 25,
  "name_ru": "Отжимания с хлопком",
  "name_en": "Clap Push-Up",
  "type": "Базовое",
  "groups": ["Грудь", "Плечи", "Руки"],
  "targets": ["Взрывная сила груди", "Передняя дельта", "Трицепс"],
  "equipment": ["Пол"],
  "gif": "assets/images/exercises/clap_push_up.gif"
}
]