[
  {
    "id": "for-anechka",
    "name": "Для Анечки 💕",
    "description": "Специальная 3-дневная программа для Анечки с акцентом на общее развитие и тонус мышц.",
    "level": "новичок",
    "goal": "общее развитие",
    "duration": 1,
    "frequency": 3,
    "days": [
      {
        "dayNumber": 1,
        "focus": "День 1",
        "exercises": [
          { "exerciseId": "Close-Grip Push-Ups", "sets": 3, "reps": "10-15", "rest": "60сек" },
          { "exerciseId": "Neutral-Grip Pull-Ups", "sets": 3, "reps": "6-10", "rest": "75сек" },
          { "exerciseId": "Rope Triceps Pushdown", "sets": 3, "reps": "12-15", "rest": "60сек" },
          { "exerciseId": "Chest Press Machine", "sets": 3, "reps": "10-12", "rest": "60сек" },
          { "exerciseId": "Crunch", "sets": 3, "reps": "15-20", "rest": "45сек" }
        ]
      },
      {
        "dayNumber": 2,
        "focus": "День 2",
        "exercises": [
          { "exerciseId": "Bodyweight Squats", "sets": 3, "reps": "12-15", "rest": "60сек" },
          { "exerciseId": "Glute Bridges", "sets": 3, "reps": "12-15", "rest": "60сек" },
          { "exerciseId": "Lunges", "sets": 3, "reps": "10-12", "rest": "60сек" },
          { "exerciseId": "Leg Curls", "sets": 3, "reps": "12-15", "rest": "60сек" },
          { "exerciseId": "Plank", "sets": 3, "reps": "20-30сек", "rest": "45сек" }
        ]
      },
      {
        "dayNumber": 3,
        "focus": "День 3",
        "exercises": [
          { "exerciseId": "Push-Ups", "sets": 3, "reps": "8-12", "rest": "60сек" },
          { "exerciseId": "Seated Row", "sets": 3, "reps": "10-12", "rest": "60сек" },
          { "exerciseId": "Dumbbell Shoulder Press", "sets": 3, "reps": "10-12", "rest": "60сек" },
          { "exerciseId": "Bicep Curls", "sets": 3, "reps": "12-15", "rest": "60сек" },
          { "exerciseId": "Jumping Jacks", "sets": 3, "reps": "30-45сек", "rest": "45сек" }
        ]
      }
    ]
  }
]